Protein Complex,COGIDs,,,,,,,,,,,,,,,,,,,,,,,,,,,ECOLI Conservation Percent,ECOLI Protein IDs,MYCTU Conservation Percent,MYCTU Protein IDs,MYCLE Conservation Percent,MYCLE Protein IDs,BUCAI_APS Conservation Percent,BUCAI_APS Protein IDs,BUCAI_Cc Conservation Percent,BUCAI_Cc Protein IDs
ABC-13-CPLX,COG0834,COG0765,COG0765,COG1126,,,,,,,,,,,,,,,,,,,,,,,,1,"['GLNH_ECOLI', 'ARGT_ECOLI', 'GLTK_ECOLI', 'EVGS_ECOLI', 'YECS_ECOLI', 'YECC_ECOLI', 'HISJ_ECOLI', 'GLTJ_ECOLI', 'YHDZ_ECOLI', 'FLIY_ECOLI', 'GLNP_ECOLI', 'ARTI_ECOLI', 'ARTJ_ECOLI', 'GLNQ_ECOLI', 'GLTI_ECOLI', 'YHDY_ECOLI', 'GLTL_ECOLI']",0.25,['P96257_MYCTU'],0.25,['Q9CCX0_MYCLE'],0,[],0,[]
ABC-46-CPLX,COG1172,COG1129,COG1172,COG1879,,,,,,,,,,,,,,,,,,,,,,,,1,"['ARAH_ECOLI', 'RBSB_ECOLI', 'TORT_ECOLI', 'RBSA_ECOLI', 'ARAF_ECOLI', 'LSRC_ECOLI', 'YTFR_ECOLI', 'YPHD_ECOLI', 'MGLA_ECOLI', 'RBSC_ECOLI', 'XYLG_ECOLI', 'ALSB_ECOLI', 'ALSC_ECOLI', 'ALSA_ECOLI', 'YPHF_ECOLI', 'YPHE_ECOLI', 'ARAG_ECOLI', 'DGAL_ECOLI', 'LSRA_ECOLI']",0,[],0.75,"['Q49738_MYCLE', 'Q9CCU8_MYCLE']",0,[],0,[]
CPLX0-7976,COG2911,COG0729,,,,,,,,,,,,,,,,,,,,,,,,,,1,"['TAMB_ECOLI', 'TAMA_ECOLI']",0,[],0,[],0.5,['Y087_BUCAI'],0,[]
TATABCE-CPLX,COG1826,COG0805,COG1826,COG1826,,,,,,,,,,,,,,,,,,,,,,,,1,"['TATC_ECOLI', 'TATE_ECOLI', 'TATB_ECOLI', 'TATA_ECOLI']",1,"['TATC_MYCTU', 'TATB_MYCTU']",1,"['TATA_MYCLE', 'Q9CCA4_MYCLE', 'TATC_MYCLE']",0,[],0,[]
ABC-45-CPLX,COG2854,COG1127,COG0767,COG1463,COG3113,,,,,,,,,,,,,,,,,,,,,,,1,"['MLAC_ECOLI', 'MLAD_ECOLI', 'MLAE_ECOLI', 'MLAF_ECOLI', 'MLAB_ECOLI']",0.6,"['O07415_MYCTU', 'O07784_MYCTU', 'Q79FZ9_MYCTU', 'O07790_MYCTU', 'I6Y3P5_MYCTU', 'O53966_MYCTU', 'Q79FY7_MYCTU', 'O53965_MYCTU', 'I6Y870_MYCTU', 'O07414_MYCTU', 'O53546_MYCTU', 'I6XHD6_MYCTU', 'L0T2W6_MYCTU', 'MKL_MYCTU', 'O07412_MYCTU', 'L0T2Q9_MYCTU']",0.6,"['Q9CD16_MYCLE', 'MKL_MYCLE', 'Q9CD14_MYCLE', 'Q9CD09_MYCLE', 'Q9CD13_MYCLE', 'Q9CD12_MYCLE', 'Q9CD15_MYCLE']",0,[],0,[]
CPLX-170,COG3444,COG3715,COG3716,,,,,,,,,,,,,,,,,,,,,,,,,1,"['PTNC_ECOLI', 'PTPB2_ECOLI', 'PTPB1_ECOLI', 'PTND_ECOLI', 'PTNAB_ECOLI', 'PTPC1_ECOLI', 'PTPD_ECOLI']",0,[],0,[],0,[],0,[]
CPLX0-240,COG0191,COG4573,,,,,,,,,,,,,,,,,,,,,,,,,,1,"['GATZ_ECOLI', 'GATY_ECOLI', 'YDJI_ECOLI', 'KBAZ_ECOLI', 'KBAY_ECOLI', 'ALF_ECOLI']",0.5,['ALF_MYCTU'],0.5,['ALF_MYCLE'],0.5,['ALF_BUCAI'],0.5,['Q057F8_BUCCC']
CPLX0-7656,COG3114,COG2332,COG0755,,,,,,,,,,,,,,,,,,,,,,,,,1,"['CCME_ECOLI', 'CCMC_ECOLI', 'CCMD_ECOLI']",0.333333333,['O06393_MYCTU'],0.333333333,['Q7APV1_MYCLE'],0,[],0,[]
CPLX0-3241,COG1145,COG0348,,,,,,,,,,,,,,,,,,,,,,,,,,1,"['YCCM_ECOLI', 'YFHL_ECOLI', 'NAPH_ECOLI', 'NAPF_ECOLI', 'NAPG_ECOLI']",0,[],0,[],0,[],0,[]
CPLX0-1341,COG0719,COG0396,COG0719,,,,,,,,,,,,,,,,,,,,,,,,,1,"['SUFC_ECOLI', 'SUFB_ECOLI', 'SUFD_ECOLI']",1,"['Y1462_MYCTU', 'Y1461_MYCTU', 'O53154_MYCTU']",1,"['Q7AQH5_MYCLE', 'Y593_MYCLE', 'Y594_MYCLE']",0,[],0,[]
ABC-58-CPLX,COG1879,COG1172,COG1172,COG1129,,,,,,,,,,,,,,,,,,,,,,,,1,"['ARAH_ECOLI', 'RBSB_ECOLI', 'TORT_ECOLI', 'RBSA_ECOLI', 'ARAF_ECOLI', 'LSRC_ECOLI', 'YTFR_ECOLI', 'YPHD_ECOLI', 'MGLA_ECOLI', 'RBSC_ECOLI', 'XYLG_ECOLI', 'ALSB_ECOLI', 'ALSC_ECOLI', 'ALSA_ECOLI', 'YPHF_ECOLI', 'YPHE_ECOLI', 'ARAG_ECOLI', 'DGAL_ECOLI', 'LSRA_ECOLI']",0,[],0.75,"['Q49738_MYCLE', 'Q9CCU8_MYCLE']",0,[],0,[]
CPLX0-3970,COG0601,COG1173,COG0444,COG4608,COG4166,,,,,,,,,,,,,,,,,,,,,,,1,"['DPPB_ECOLI', 'OPPF_ECOLI', 'OPPC_ECOLI', 'MPPA_ECOLI', 'NIKC_ECOLI', 'GSID_ECOLI', 'DDPD_ECOLI', 'OPPB_ECOLI', 'YGIS_ECOLI', 'SAPA_ECOLI', 'DDPB_ECOLI', 'DPPD_ECOLI', 'DPPC_ECOLI', 'NIKD_ECOLI', 'NIKB_ECOLI', 'YEJA_ECOLI', 'DPPF_ECOLI', 'OPPA_ECOLI', 'DDPC_ECOLI', 'OPPD_ECOLI', 'GSIC_ECOLI']",0.6,"['I6YGV9_MYCTU', 'I6X811_MYCTU', 'L0TEV4_MYCTU', 'Y1282_MYCTU', 'Y1283_MYCTU']",0.4,"['Q9CC80_MYCLE', 'Q9CC79_MYCLE']",0,[],0,[]
ABC-49-CPLX,COG1123,COG0747,COG1173,COG0601,,,,,,,,,,,,,,,,,,,,,,,,1,"['DPPB_ECOLI', 'DPPA_ECOLI', 'OPPC_ECOLI', 'NIKC_ECOLI', 'GSID_ECOLI', 'GSIB_ECOLI', 'OPPB_ECOLI', 'DDPB_ECOLI', 'DPPC_ECOLI', 'NIKB_ECOLI', 'NIKA_ECOLI', 'GSIA_ECOLI', 'DDPC_ECOLI', 'DDPA_ECOLI', 'GSIC_ECOLI']",1,"['Y1281_MYCTU', 'I6YGV9_MYCTU', 'I6Y482_MYCTU', 'Y1280_MYCTU', 'LPQW_MYCTU', 'Y2585_MYCTU', 'L0TEV4_MYCTU', 'Y1282_MYCTU', 'Y1283_MYCTU']",1,"['Q9CC82_MYCLE', 'Q9CC81_MYCLE', 'Y489_MYCLE', 'Q9CC80_MYCLE', 'Q9CBX3_MYCLE', 'Q9CC79_MYCLE']",0,[],0,[]
CPLX0-7916,COG2197,COG2197,,,,,,,,,,,,,,,,,,,,,,,,,,1,"['FIMZ_ECOLI', 'BGLJ_ECOLI', 'NARP_ECOLI', 'UVRY_ECOLI', 'RCSB_ECOLI', 'UHPA_ECOLI', 'NARL_ECOLI']",1,"['O53646_MYCTU', 'NARL_MYCTU', 'DEVR_MYCTU']",0,[],0,[],0,[]
EIISGC,COG3414,COG3775,COG1762,,,,,,,,,,,,,,,,,,,,,,,,,1,"['PTMA_ECOLI', 'PTSN_ECOLI', 'PTKA_ECOLI', 'MNGA_ECOLI', 'ULAC_ECOLI', 'SGCC_ECOLI', 'SGCB_ECOLI', 'FRVR_ECOLI', 'ULAB_ECOLI', 'PTFX2_ECOLI', 'PTKB_ECOLI', 'PTKC_ECOLI', 'PTFLA_ECOLI']",0,[],0,[],0,[],0,[]
ABC-53-CPLX,COG0795,COG1137,COG0795,,,,,,,,,,,,,,,,,,,,,,,,,1,"['LPTB_ECOLI', 'LPTG_ECOLI', 'LPTF_ECOLI']",0,[],0,[],0,[],0,[]
NRDACTMULTI-CPLX,COG1328,COG0602,COG1018,,,,,,,,,,,,,,,,,,,,,,,,,1,"['NRDG_ECOLI', 'NRDD_ECOLI', 'PAAE_ECOLI', 'HMP_ECOLI', 'QUEE_ECOLI', 'FENR_ECOLI', 'HCR_ECOLI', 'CNTB_ECOLI']",0.333333333,"['DESET_MYCTU', 'KSHB_MYCTU', 'O86347_MYCTU', 'P71846_MYCTU']",0,[],0.333333333,['FENR_BUCAI'],0.333333333,['Q056X1_BUCCC']
CPLX0-7561,COG2337,COG2336,,,,,,,,,,,,,,,,,,,,,,,,,,1,"['CHPB_ECOLI', 'MAZE_ECOLI', 'MAZF_ECOLI']",0.5,"['MAZF3_MYCTU', 'MAZF5_MYCTU', 'MAZF7_MYCTU', 'MAZF9_MYCTU', 'MAZF1_MYCTU', 'MAZF4_MYCTU', 'MAZF6_MYCTU', 'MAZF2_MYCTU']",0,[],0,[],0,[]
ECNAB-CPLX,COG5510,COG5510,,,,,,,,,,,,,,,,,,,,,,,,,,1,['ECNA_ECOLI'],0,[],0,[],0,[],0,[]
ABC-42-CPLX,COG1129,COG1172,COG1522,,,,,,,,,,,,,,,,,,,,,,,,,1,"['LRP_ECOLI', 'ARAH_ECOLI', 'ASNC_ECOLI', 'RBSA_ECOLI', 'DECR_ECOLI', 'LSRC_ECOLI', 'YTFR_ECOLI', 'YPHD_ECOLI', 'MGLA_ECOLI', 'RBSC_ECOLI', 'XYLG_ECOLI', 'ALSC_ECOLI', 'ALSA_ECOLI', 'YPHE_ECOLI', 'ARAG_ECOLI', 'LSRA_ECOLI']",0.333333333,"['I6YBQ3_MYCTU', 'P71888_MYCTU', 'O33321_MYCTU']",0.333333333,['Q9CCU8_MYCLE'],0,[],0,[]
CPLX0-7807,COG1538,COG1289,COG1566,,,,,,,,,,,,,,,,,,,,,,,,,1,"['YDHK_ECOLI', 'YIAV_ECOLI', 'TOLC_ECOLI', 'YEEA_ECOLI', 'YIBH_ECOLI', 'EMRK_ECOLI', 'MDTQ_ECOLI', 'EMRA_ECOLI', 'CUSC_ECOLI', 'MDTO_ECOLI', 'YDHJ_ECOLI', 'AAEB_ECOLI', 'AAEA_ECOLI', 'YHFK_ECOLI', 'MDTP_ECOLI', 'YCCS_ECOLI', 'MDTN_ECOLI']",0,[],0,[],0,[],0,[]
NRFMULTI-CPLX,COG3301,COG0437,NOG06663,COG3303,,,,,,,,,,,,,,,,,,,,,,,,1,"['NRFA_ECOLI', 'FDOH_ECOLI', 'YNFG_ECOLI', 'NRFC_ECOLI', 'NRFD_ECOLI', 'HYBA_ECOLI', 'YDHX_ECOLI', 'YDHY_ECOLI', 'DMSB_ECOLI', 'FDNH_ECOLI']",0,[],0,[],0,[],0,[]
CPLX-160,COG1299,COG1445,COG1445,,,,,,,,,,,,,,,,,,,,,,,,,1,"['PTFLB_ECOLI', 'PTFLB_ECOLI', 'PTFB3_ECOLI', 'MNGA_ECOLI', 'MNGA_ECOLI', 'PTFB1_ECOLI', 'PTFC1_ECOLI', 'PTFBC_ECOLI', 'PTFBC_ECOLI', 'PTFB2_ECOLI', 'PTFC2_ECOLI']",0,[],0,[],0,[],0,[]
CPLX-159,COG1299,COG1762,,,,,,,,,,,,,,,,,,,,,,,,,,1,"['PTMA_ECOLI', 'PTFLB_ECOLI', 'PTSN_ECOLI', 'PTKA_ECOLI', 'MNGA_ECOLI', 'MNGA_ECOLI', 'ULAC_ECOLI', 'FRVR_ECOLI', 'PTFX2_ECOLI', 'PTFC1_ECOLI', 'PTFBC_ECOLI', 'PTFC2_ECOLI', 'PTFLA_ECOLI']",0,[],0,[],0,[],0,[]
CPLX0-7852,COG2197,COG2771,,,,,,,,,,,,,,,,,,,,,,,,,,1,"['RCSA_ECOLI', 'CSGD_ECOLI', 'PDEL_ECOLI', 'FIMZ_ECOLI', 'BGLJ_ECOLI', 'DCTR_ECOLI', 'SDIA_ECOLI', 'NARP_ECOLI', 'YEII_ECOLI', 'UVRY_ECOLI', 'RCSB_ECOLI', 'UHPA_ECOLI', 'NARL_ECOLI']",1,"['O53720_MYCTU', 'O53646_MYCTU', 'Y890_MYCTU', 'O33269_MYCTU', 'NARL_MYCTU', 'O53213_MYCTU', 'DEVR_MYCTU', 'Q11028_MYCTU']",0.5,['Q9CBP3_MYCLE'],0,[],0,[]
CPLX-3942,COG2168,COG2923,COG1553,,,,,,,,,,,,,,,,,,,,,,,,,1,"['TUSC_ECOLI', 'YCHN_ECOLI', 'TUSB_ECOLI', 'TUSD_ECOLI']",0,[],0,[],1,"['TUSD_BUCAI', 'TUSB_BUCAI', 'TUSC_BUCAI']",0.666666667,"['Q056Z7_BUCCC', 'Q056Z6_BUCCC']"
CPLX0-3382,COG3031,COG1450,COG2804,COG1459,COG2165,COG2165,COG2165,COG4795,COG3156,COG3297,COG3149,COG1989,,,,,,,,,,,,,,,,1,"['YGHF_ECOLI', 'HOFB_ECOLI', 'GSPL_ECOLI', 'GSPC_ECOLI', 'HOFC_ECOLI', 'YGHD_ECOLI', 'GSPK_ECOLI', 'GSPH_ECOLI', 'PPPA_ECOLI', 'GSPG_ECOLI', 'LEP4_ECOLI', 'GSPD_ECOLI', 'GSPE_ECOLI', 'GSPF_ECOLI', 'GSPI_ECOLI', 'PPDA_ECOLI', 'GSPJ_ECOLI', 'PPDB_ECOLI']",0.083333333,['I6Y9M6_MYCTU'],0,[],0,[],0,[]
CPLX0-4,COG1566,COG1289,,,,,,,,,,,,,,,,,,,,,,,,,,1,"['YDHK_ECOLI', 'YIAV_ECOLI', 'YEEA_ECOLI', 'YIBH_ECOLI', 'EMRK_ECOLI', 'EMRA_ECOLI', 'MDTO_ECOLI', 'YDHJ_ECOLI', 'AAEB_ECOLI', 'AAEA_ECOLI', 'YHFK_ECOLI', 'YCCS_ECOLI', 'MDTN_ECOLI']",0,[],0,[],0,[],0,[]
CPLX0-7610,COG3444,COG3715,,,,,,,,,,,,,,,,,,,,,,,,,,1,"['PTNC_ECOLI', 'PTPB2_ECOLI', 'PTPB1_ECOLI', 'PTNAB_ECOLI', 'PTPC1_ECOLI']",0,[],0,[],0,[],0,[]
LTARTDEHYDRA-CPLX,COG1951,COG1838,,,,,,,,,,,,,,,,,,,,,,,,,,1,"['TTDA_ECOLI', 'FUMB_ECOLI', 'FUMB_ECOLI', 'TTDB_ECOLI', 'FUMA_ECOLI', 'FUMA_ECOLI']",0,[],0,[],0,[],0,[]
CPLX0-7458,COG0277,COG0277,COG0247,,,,,,,,,,,,,,,,,,,,,,,,,1,"['YGCU_ECOLI', 'YDIJ_ECOLI', 'YDIJ_ECOLI', 'GLCF_ECOLI', 'YKGE_ECOLI', 'GLCE_ECOLI', 'DLD_ECOLI', 'GLCD_ECOLI', 'GLPC_ECOLI']",1,"['O53608_MYCTU', 'Y2280_MYCTU', 'L0TBR2_MYCTU', 'P71984_MYCTU', 'Q11061_MYCTU', 'L0TBY6_MYCTU', 'O33177_MYCTU', 'O07406_MYCTU', 'DPRE1_MYCTU', 'O05784_MYCTU', 'O33268_MYCTU', 'GULDH_MYCTU']",1,"['Q7APS7_MYCLE', 'Q9CDA4_MYCLE', 'Q9CC92_MYCLE', 'Q9CB20_MYCLE']",0,[],0,[]
CPLX0-1841,COG1529,COG1319,,,,,,,,,,,,,,,,,,,,,,,,,,1,"['XDHD_ECOLI', 'PAOB_ECOLI', 'XDHB_ECOLI', 'XDHA_ECOLI', 'PAOC_ECOLI']",1,"['O53708_MYCTU', 'I6Y7N2_MYCTU']",0,[],0,[],0,[]
CPLX0-761,COG1529,COG1319,COG2080,,,,,,,,,,,,,,,,,,,,,,,,,1,"['XDHD_ECOLI', 'XDHD_ECOLI', 'XDHC_ECOLI', 'PAOB_ECOLI', 'PAOA_ECOLI', 'XDHB_ECOLI', 'XDHA_ECOLI', 'PAOC_ECOLI']",1,"['O53708_MYCTU', 'O53709_MYCTU', 'I6Y7N2_MYCTU']",0,[],0,[],0,[]
CPLX0-7934,COG1589,COG0208,COG3116,,,,,,,,,,,,,,,,,,,,,,,,,1,"['FTSL_ECOLI', 'FTSQ_ECOLI', 'RIR4_ECOLI', 'RIR2_ECOLI']",0.666666667,"['RIR2A_MYCTU', 'RIR2B_MYCTU', 'FTSQ_MYCTU', 'RIR2H_MYCTU']",0.666666667,"['Q9CCE5_MYCLE', 'RIR2_MYCLE']",0.666666667,"['FTSL_BUCAI', 'RIR2_BUCAI']",0,[]
RIBONUCLEOSIDE-DIP-REDUCTII-CPLX,COG0209,COG0208,,,,,,,,,,,,,,,,,,,,,,,,,,1,"['RIR3_ECOLI', 'RIR4_ECOLI', 'RIR2_ECOLI', 'RIR1_ECOLI']",1,"['RIR1_MYCTU', 'RIR2A_MYCTU', 'RIR2B_MYCTU', 'NRDZ_MYCTU', 'RIR2H_MYCTU']",1,"['RIR2_MYCLE', 'RIR1_MYCLE']",1,"['RIR1_BUCAI', 'RIR2_BUCAI']",0,[]
HCAMULTI-CPLX,COG2146,COG0446,COG5517,COG4638,,,,,,,,,,,,,,,,,,,,,,,,1,"['HCAE_ECOLI', 'HCAD_ECOLI', 'NIRD_ECOLI', 'HCAC_ECOLI', 'HCAF_ECOLI', 'FADH_ECOLI', 'CNTA_ECOLI']",0.75,"['O07255_MYCTU', 'KSHA_MYCTU', 'P95034_MYCTU', 'O53311_MYCTU', 'O50431_MYCTU', 'O53675_MYCTU']",0,[],0,[],0,[]
CPLX0-250,COG3262,COG3260,COG1142,COG0651,COG0650,COG1009,COG4237,COG0651,COG1143,,,,,,,,,,,,,,,,,,,1,"['NUOI_ECOLI', 'HYCB_ECOLI', 'HYCD_ECOLI', 'HYFE_ECOLI', 'HYFD_ECOLI', 'YGFT_ECOLI', 'HYFF_ECOLI', 'HYCC_ECOLI', 'HYFG_ECOLI', 'HYCG_ECOLI', 'HYFH_ECOLI', 'NUOL_ECOLI', 'HYDN_ECOLI', 'HYFB_ECOLI', 'HYFA_ECOLI', 'HYCF_ECOLI', 'YGFS_ECOLI', 'HYCE_ECOLI', 'HYFI_ECOLI', 'YSAA_ECOLI', 'AEGA_ECOLI', 'HYFC_ECOLI']",0.888888889,"['Q10883_MYCTU', 'Q10884_MYCTU', 'NUOL_MYCTU', 'Q10881_MYCTU', 'I6XUD2_MYCTU', 'Y085_MYCTU', 'NUOI_MYCTU', 'Y051_MYCTU']",0,[],0.222222222,"['NUOI_BUCAI', 'NUOL_BUCAI']",0.222222222,"['Q057W5_BUCCC', 'NUOI_BUCCC']"
CPLX0-3932,COG0841,COG0845,COG1538,,,,,,,,,,,,,,,,,,,,,,,,,1,"['TOLC_ECOLI', 'MDTF_ECOLI', 'MDTQ_ECOLI', 'CUSC_ECOLI', 'MDTB_ECOLI', 'ACRF_ECOLI', 'MDTC_ECOLI', 'MACA_ECOLI', 'ACRD_ECOLI', 'MDTP_ECOLI', 'ACRB_ECOLI']",0,[],0,[],0,[],0,[]
CPLX0-7,COG1264,COG2190,,,,,,,,,,,,,,,,,,,,,,,,,,1,"['PTGA_ECOLI', 'PTIBC_ECOLI', 'PTTBC_ECOLI', 'PTV3B_ECOLI', 'PTV3B_ECOLI', 'PTW3C_ECOLI', 'PTW3C_ECOLI', 'PTGCB_ECOLI', 'PTOCB_ECOLI', 'PTYBC_ECOLI']",0,[],0,[],1,"['PTGCB_BUCAI', 'PTGA_BUCAI']",0,[]
CPLX0-1668,COG1250,COG0183,,,,,,,,,,,,,,,,,,,,,,,,,,1,"['FADB_ECOLI', 'PAAH_ECOLI', 'YQEF_ECOLI', 'FADI_ECOLI', 'FADA_ECOLI', 'FADJ_ECOLI', 'PAAJ_ECOLI', 'ATOB_ECOLI']",1,"['O53872_MYCTU', 'O86361_MYCTU', 'O53422_MYCTU', 'Y0859_MYCTU', 'L7N682_MYCTU', 'P95148_MYCTU', 'O06144_MYCTU', 'I6XWJ8_MYCTU', 'FADA4_MYCTU', 'FADB2_MYCTU', 'O33332_MYCTU', 'I6XHJ3_MYCTU', 'L7N688_MYCTU']",1,"['Q7APU3_MYCLE', 'Q9CB39_MYCLE', 'FADA4_MYCLE', 'Q9CBD8_MYCLE', 'Q9CBD7_MYCLE']",0,[],0,[]
CPLX0-7720,COG0697,COG0697,,,,,,,,,,,,,,,,,,,,,,,,,,1,"['ARNE_ECOLI', 'RHAT_ECOLI', 'ARNF_ECOLI', 'YHBE_ECOLI', 'YICL_ECOLI', 'EAMA_ECOLI', 'BIOP_ECOLI', 'YDDG_ECOLI']",1,['O33234_MYCTU'],0,[],1,['Y281_BUCAI'],0,[]
NAP-CPLX,COG3043,COG3005,COG0348,COG1145,COG0243,,,,,,,,,,,,,,,,,,,,,,,1,"['DMSA_ECOLI', 'TORA_ECOLI', 'TORZ_ECOLI', 'NAPC_ECOLI', 'YCCM_ECOLI', 'BISC_ECOLI', 'TORC_ECOLI', 'FDHF_ECOLI', 'YNFE_ECOLI', 'YFHL_ECOLI', 'NAPH_ECOLI', 'FDOG_ECOLI', 'TORY_ECOLI', 'FDNG_ECOLI', 'NAPF_ECOLI', 'NAPA_ECOLI', 'NAPG_ECOLI', 'YDEP_ECOLI', 'NAPB_ECOLI']",0.2,"['Y2900_MYCTU', 'L0T2Z1_MYCTU', 'O06817_MYCTU']",0,[],0,[],0,[]
ABC-35-CPLX,COG0755,COG2332,COG3114,COG2386,COG4133,,,,,,,,,,,,,,,,,,,,,,,1,"['CCME_ECOLI', 'CCMC_ECOLI', 'CCMD_ECOLI', 'CCMA_ECOLI', 'CCMB_ECOLI']",0.2,['O06393_MYCTU'],0.2,['Q7APV1_MYCLE'],0,[],0,[]
CPLX0-3323,COG2332,COG1138,COG0526,COG3088,,,,,,,,,,,,,,,,,,,,,,,,1,"['NRFE_ECOLI', 'NRFF_ECOLI', 'DSBA_ECOLI', 'CCMH_ECOLI', 'THIO2_ECOLI', 'CCME_ECOLI', 'CCMF_ECOLI', 'THIO_ECOLI', 'DSBE_ECOLI']",0.25,"['I6XYM2_MYCTU', 'THIO_MYCTU', 'I6YGW6_MYCTU', 'O06392_MYCTU', 'L7N664_MYCTU', 'O53161_MYCTU', 'P71990_MYCTU', 'I6Y8V2_MYCTU', 'Y508_MYCTU']",0.25,"['Q9CBC8_MYCLE', 'TRXB_MYCLE', 'Q9CB93_MYCLE', 'Q9CBL1_MYCLE', 'Q9CC07_MYCLE', 'Q9CB61_MYCLE']",0.25,"['THIO_BUCAI', 'DSBA_BUCAI']",0.25,['Q056W6_BUCCC']
CPLX0-7788,COG0493,COG0745,,,,,,,,,,,,,,,,,,,,,,,,,,1,"['RSTA_ECOLI', 'KDPE_ECOLI', 'YGFT_ECOLI', 'BAER_ECOLI', 'YGFK_ECOLI', 'CREB_ECOLI', 'PRET_ECOLI', 'HPRR_ECOLI', 'PHOB_ECOLI', 'ARCA_ECOLI', 'GLTD_ECOLI', 'TORR_ECOLI', 'AEGA_ECOLI', 'CPXR_ECOLI', 'CUSR_ECOLI']",1,"['MTRA_MYCTU', 'FPRB_MYCTU', 'REGX3_MYCTU', 'MPRA_MYCTU', 'P71814_MYCTU', 'FPRA_MYCTU', 'TCRA1_MYCTU', 'GLTD_MYCTU', 'L7N689_MYCTU', 'O53830_MYCTU', 'TCRX_MYCTU', 'KDPE_MYCTU']",1,"['MPRA_MYCLE', 'FPRA_MYCLE', 'Q9CDD4_MYCLE', 'FPRB_MYCLE', 'MTRA_MYCLE', 'REGX3_MYCLE']",0,[],0,[]
ABC-40-CPLX,COG1732,COG1125,COG1174,COG1174,,,,,,,,,,,,,,,,,,,,,,,,1,"['YEHZ_ECOLI', 'YEHW_ECOLI', 'YEHX_ECOLI', 'YEHY_ECOLI']",1,"['O69722_MYCTU', 'O69725_MYCTU', 'O69723_MYCTU', 'O69724_MYCTU']",0,[],0,[],0,[]
CPLX0-241,COG0191,COG4573,,,,,,,,,,,,,,,,,,,,,,,,,,1,"['GATZ_ECOLI', 'GATY_ECOLI', 'YDJI_ECOLI', 'KBAZ_ECOLI', 'KBAY_ECOLI', 'ALF_ECOLI']",0.5,['ALF_MYCTU'],0.5,['ALF_MYCLE'],0.5,['ALF_BUCAI'],0.5,['Q057F8_BUCCC']
ABC-63-CPLX,COG1121,COG1108,COG4531,,,,,,,,,,,,,,,,,,,,,,,,,1,"['ZNUC_ECOLI', 'ZNUA_ECOLI', 'ZNUB_ECOLI']",0.333333333,['O86339_MYCTU'],0.666666667,"['Q9CCW1_MYCLE', 'Q9CCW0_MYCLE']",0.666666667,"['ZNUC_BUCAI', 'ZNUB_BUCAI']",0,[]
CPLX0-7942,COG0271,COG0278,,,,,,,,,,,,,,,,,,,,,,,,,,1,"['GLRX4_ECOLI', 'BOLA_ECOLI']",0,[],0,[],1,"['Y473_BUCAI', 'GLRX4_BUCAI']",0.5,['Q057V2_BUCCC']
YDGEF-CPLX,COG2076,COG2076,,,,,,,,,,,,,,,,,,,,,,,,,,1,"['SUGE_ECOLI', 'MDTI_ECOLI', 'EMRE_ECOLI', 'MDTJ_ECOLI']",1,['MMR_MYCTU'],1,['MMR_MYCLE'],0,[],0,[]
CPLX0-7823,COG2200,COG2199,,,,,,,,,,,,,,,,,,,,,,,,,,1,"['PDEL_ECOLI', 'CDGI_ECOLI', 'DGCJ_ECOLI', 'PDEN_ECOLI', 'DGCM_ECOLI', 'DGCI_ECOLI', 'DOSP_ECOLI', 'DOSP_ECOLI', 'DGCZ_ECOLI', 'PDED_ECOLI', 'PDER_ECOLI', 'PDER_ECOLI', 'DGCN_ECOLI', 'YDIV_ECOLI']",1,"['Y1354_MYCTU', 'Y1354_MYCTU']",1,"['Q7AQ57_MYCLE', 'Q9CBP6_MYCLE', 'Q9CBP6_MYCLE']",0,[],0,[]
ABC-59-CPLX,COG0601,COG1173,COG0747,COG0444,COG1124,,,,,,,,,,,,,,,,,,,,,,,1,"['DPPB_ECOLI', 'DPPA_ECOLI', 'OPPC_ECOLI', 'NIKC_ECOLI', 'GSID_ECOLI', 'DDPD_ECOLI', 'GSIB_ECOLI', 'OPPB_ECOLI', 'DDPB_ECOLI', 'DPPD_ECOLI', 'DPPC_ECOLI', 'NIKD_ECOLI', 'NIKE_ECOLI', 'NIKB_ECOLI', 'NIKA_ECOLI', 'DDPF_ECOLI', 'DDPC_ECOLI', 'OPPD_ECOLI', 'DDPA_ECOLI', 'GSIC_ECOLI']",0.6,"['I6YGV9_MYCTU', 'Y1280_MYCTU', 'LPQW_MYCTU', 'Y2585_MYCTU', 'L0TEV4_MYCTU', 'Y1282_MYCTU', 'Y1283_MYCTU']",0.6,"['Q9CC82_MYCLE', 'Y489_MYCLE', 'Q9CC80_MYCLE', 'Q9CBX3_MYCLE', 'Q9CC79_MYCLE']",0,[],0,[]
CPLX0-7988,COG1024,COG1024,,,,,,,,,,,,,,,,,,,,,,,,,,1,"['FADB_ECOLI', 'PAAG_ECOLI', 'CAID_ECOLI', 'FADJ_ECOLI', 'PAAF_ECOLI', 'SCPB_ECOLI']",1,"['O06541_MYCTU', 'O53872_MYCTU', 'P71540_MYCTU', 'I6Y8F2_MYCTU', 'ECH12_MYCTU', 'I6Y4E8_MYCTU', 'ECHA6_MYCTU', 'I6YA03_MYCTU', 'ECHA8_MYCTU', 'P96404_MYCTU', 'O07179_MYCTU', 'O53419_MYCTU', 'I6Y8B5_MYCTU', 'O50402_MYCTU', 'O06542_MYCTU']",1,"['ECHA8_MYCLE', 'ECHA6_MYCLE', 'Q9CBD8_MYCLE', 'ECH12_MYCLE', 'Q7APV2_MYCLE']",0,[],0,[]
CPLX0-1762,COG1018,COG3396,COG3396,COG3460,,,,,,,,,,,,,,,,,,,,,,,,1,"['PAAE_ECOLI', 'PAAC_ECOLI', 'HMP_ECOLI', 'PAAB_ECOLI', 'FENR_ECOLI', 'HCR_ECOLI', 'CNTB_ECOLI', 'PAAA_ECOLI']",0.25,"['DESET_MYCTU', 'KSHB_MYCTU', 'O86347_MYCTU', 'P71846_MYCTU']",0,[],0.25,['FENR_BUCAI'],0.25,['Q056X1_BUCCC']
CPLX0-7844,COG1473,COG1473,,,,,,,,,,,,,,,,,,,,,,,,,,1,"['ABGB_ECOLI', 'ABGA_ECOLI']",1,"['L7N690_MYCTU', 'L7N663_MYCTU']",0,[],0,[],0,[]
CPLX0-2081,COG3412,COG2376,COG2376,,,,,,,,,,,,,,,,,,,,,,,,,1,"['DHAL_ECOLI', 'DHAM_ECOLI', 'DHAK_ECOLI']",0,[],0,[],0,[],0,[]
ABC-62-CPLX,COG4591,COG1136,COG4591,,,,,,,,,,,,,,,,,,,,,,,,,1,"['MACB_ECOLI', 'LOLE_ECOLI', 'LOLC_ECOLI', 'LOLD_ECOLI']",0.333333333,"['Y2564_MYCTU', 'Y986_MYCTU', 'Y073_MYCTU']",0,[],1,"['LOLD_BUCAI', 'LOLC_BUCAI']",0,[]
CITLY-CPLX,COG3052,COG3051,COG2301,,,,,,,,,,,,,,,,,,,,,,,,,1,"['CITD_ECOLI', 'CILA_ECOLI', 'CITE_ECOLI']",0.333333333,"['CITEL_MYCTU', 'I6YF40_MYCTU']",0,[],0,[],0,[]
CPLX0-5,COG0477,COG1538,,,,,,,,,,,,,,,,,,,,,,,,,,1,"['TOLC_ECOLI', 'MDTQ_ECOLI', 'TSGA_ECOLI', 'CUSC_ECOLI', 'YAJR_ECOLI', 'ENTS_ECOLI', 'MDTP_ECOLI', 'AMPG_ECOLI']",0.5,"['I6WZK3_MYCTU', 'O53668_MYCTU', 'O53854_MYCTU', 'Y849_MYCTU', 'Y037_MYCTU', 'Y876_MYCTU']",0.5,"['Y2143_MYCLE', 'Q7AQ40_MYCLE']",0.5,"['Y466_BUCAI', 'TSGA_BUCAI']",0,[]
CPLX0-3957,COG0419,COG0420,,,,,,,,,,,,,,,,,,,,,,,,,,1,"['SBCD_ECOLI', 'SBCC_ECOLI']",0.5,['Q50699_MYCTU'],0.5,['Q9CC84_MYCLE'],0,[],0,[]
ABC-64-CPLX,COG4521,COG0600,COG4525,,,,,,,,,,,,,,,,,,,,,,,,,1,"['TAUA_ECOLI', 'TAUB_ECOLI', 'TAUC_ECOLI', 'SSUC_ECOLI']",0,[],0,[],0,[],0,[]
CPLX0-7805,COG2080,COG1319,COG1529,,,,,,,,,,,,,,,,,,,,,,,,,1,"['XDHD_ECOLI', 'XDHD_ECOLI', 'XDHC_ECOLI', 'PAOB_ECOLI', 'PAOA_ECOLI', 'XDHB_ECOLI', 'XDHA_ECOLI', 'PAOC_ECOLI']",1,"['O53708_MYCTU', 'O53709_MYCTU', 'I6Y7N2_MYCTU']",0,[],0,[],0,[]
ABC-5-CPLX,COG4138,COG4139,COG0614,,,,,,,,,,,,,,,,,,,,,,,,,1,"['BTUD_ECOLI', 'BTUC_ECOLI', 'FHUD_ECOLI', 'BTUF_ECOLI']",0.333333333,"['O53291_MYCTU', 'L7N6B2_MYCTU']",0.333333333,['Q9CBQ4_MYCLE'],0,[],0,[]
CPLX0-7628,COG1452,COG2980,,,,,,,,,,,,,,,,,,,,,,,,,,1,"['LPTD_ECOLI', 'LPTE_ECOLI']",0,[],0,[],0,[],0,[]
ABC-33-CPLX,COG1129,COG4214,COG4213,,,,,,,,,,,,,,,,,,,,,,,,,1,"['XYLH_ECOLI', 'XYLF_ECOLI', 'RBSA_ECOLI', 'YTFR_ECOLI', 'MGLA_ECOLI', 'XYLG_ECOLI', 'ALSA_ECOLI', 'YPHE_ECOLI', 'ARAG_ECOLI', 'LSRA_ECOLI']",0,[],0,[],0,[],0,[]
CPLX-3946,COG1570,COG1722,,,,,,,,,,,,,,,,,,,,,,,,,,1,"['EX7L_ECOLI', 'EX7S_ECOLI']",1,"['EX7L_MYCTU', 'EX7S_MYCTU']",1,"['EX7S_MYCLE', 'EX7L_MYCLE']",0,[],0,[]
CPLX0-3959,COG4973,COG4974,,,,,,,,,,,,,,,,,,,,,,,,,,1,"['XERD_ECOLI', 'XERC_ECOLI']",0.5,['XERD_MYCTU'],0.5,['XERD_MYCLE'],0,[],0,[]
CPLX0-3976,COG2244,NOG04329,COG3765,,,,,,,,,,,,,,,,,,,,,,,,,1,"['WZXC_ECOLI', 'WZZB_ECOLI', 'RFBX_ECOLI', 'WZXE_ECOLI', 'FEPE_ECOLI', 'WZZE_ECOLI', 'YGHQ_ECOLI']",0,[],0,[],0,[],0,[]
TRANS-200-CPLX,COG1538,COG1136,COG0845,,,,,,,,,,,,,,,,,,,,,,,,,1,"['TOLC_ECOLI', 'MACB_ECOLI', 'MDTQ_ECOLI', 'CUSC_ECOLI', 'LOLD_ECOLI', 'MACA_ECOLI', 'MDTP_ECOLI']",0.333333333,"['Y2564_MYCTU', 'Y986_MYCTU', 'Y073_MYCTU']",0,[],0.333333333,['LOLD_BUCAI'],0,[]
CPLX0-2121,COG1566,COG0477,COG1538,,,,,,,,,,,,,,,,,,,,,,,,,1,"['YIAV_ECOLI', 'TOLC_ECOLI', 'YIBH_ECOLI', 'EMRK_ECOLI', 'MDTQ_ECOLI', 'EMRA_ECOLI', 'TSGA_ECOLI', 'CUSC_ECOLI', 'YAJR_ECOLI', 'YDHJ_ECOLI', 'ENTS_ECOLI', 'AAEA_ECOLI', 'MDTP_ECOLI', 'AMPG_ECOLI', 'MDTN_ECOLI']",0.333333333,"['I6WZK3_MYCTU', 'O53668_MYCTU', 'O53854_MYCTU', 'Y849_MYCTU', 'Y037_MYCTU', 'Y876_MYCTU']",0.333333333,"['Y2143_MYCLE', 'Q7AQ40_MYCLE']",0.333333333,"['Y466_BUCAI', 'TSGA_BUCAI']",0,[]
TRANS-CPLX-202,COG1538,COG0841,COG0841,COG0845,,,,,,,,,,,,,,,,,,,,,,,,1,"['TOLC_ECOLI', 'MDTF_ECOLI', 'MDTQ_ECOLI', 'CUSC_ECOLI', 'MDTB_ECOLI', 'ACRF_ECOLI', 'MDTC_ECOLI', 'MACA_ECOLI', 'ACRD_ECOLI', 'MDTP_ECOLI', 'ACRB_ECOLI']",0,[],0,[],0,[],0,[]
CPLX0-2161,COG1566,COG0477,COG1538,,,,,,,,,,,,,,,,,,,,,,,,,1,"['YIAV_ECOLI', 'TOLC_ECOLI', 'YIBH_ECOLI', 'EMRK_ECOLI', 'MDTQ_ECOLI', 'EMRA_ECOLI', 'TSGA_ECOLI', 'CUSC_ECOLI', 'YAJR_ECOLI', 'YDHJ_ECOLI', 'ENTS_ECOLI', 'AAEA_ECOLI', 'MDTP_ECOLI', 'AMPG_ECOLI', 'MDTN_ECOLI']",0.333333333,"['I6WZK3_MYCTU', 'O53668_MYCTU', 'O53854_MYCTU', 'Y849_MYCTU', 'Y037_MYCTU', 'Y876_MYCTU']",0.333333333,"['Y2143_MYCLE', 'Q7AQ40_MYCLE']",0.333333333,"['Y466_BUCAI', 'TSGA_BUCAI']",0,[]
TRANS-CPLX-204,COG1538,COG0845,COG0841,,,,,,,,,,,,,,,,,,,,,,,,,1,"['TOLC_ECOLI', 'MDTF_ECOLI', 'MDTQ_ECOLI', 'CUSC_ECOLI', 'MDTB_ECOLI', 'ACRF_ECOLI', 'MDTC_ECOLI', 'MACA_ECOLI', 'ACRD_ECOLI', 'MDTP_ECOLI', 'ACRB_ECOLI']",0,[],0,[],0,[],0,[]
RECFOR-CPLX,COG1195,COG0353,COG1381,,,,,,,,,,,,,,,,,,,,,,,,,1,"['RECO_ECOLI', 'RECR_ECOLI', 'RECF_ECOLI']",1,"['RECR_MYCTU', 'RECO_MYCTU', 'RECF_MYCTU']",1,"['RECF_MYCLE', 'RECR_MYCLE', 'RECO_MYCLE']",0,[],0,[]
UVRABC-CPLX,COG0210,COG0178,COG0322,COG0556,,,,,,,,,,,,,,,,,,,,,,,,1,"['UVRA_ECOLI', 'CHO_ECOLI', 'UVRC_ECOLI', 'REP_ECOLI', 'HELD_ECOLI', 'UVRB_ECOLI', 'UVRD_ECOLI']",1,"['O53347_MYCTU', 'UVRA_MYCTU', 'UVRD2_MYCTU', 'UVRB_MYCTU', 'UVRD1_MYCTU', 'UVRC_MYCTU', 'Y2191_MYCTU', 'O53348_MYCTU']",1,"['UVRD1_MYCLE', 'UVRC_MYCLE', 'UVRA_MYCLE', 'UVRB_MYCLE', 'UVRD2_MYCLE']",0.25,['REP_BUCAI'],0.25,['Q056W5_BUCCC']
CPLX0-3925,COG0389,COG1974,,,,,,,,,,,,,,,,,,,,,,,,,,1,"['LEXA_ECOLI', 'UMUC_ECOLI', 'COHE_ECOLI', 'DPO4_ECOLI', 'UMUD_ECOLI']",1,"['DPO42_MYCTU', 'O50419_MYCTU', 'DPO41_MYCTU', 'LEXA_MYCTU']",0.5,['LEXA_MYCLE'],0,[],0,[]
CPLX-157,COG1264,COG2190,,,,,,,,,,,,,,,,,,,,,,,,,,1,"['PTGA_ECOLI', 'PTIBC_ECOLI', 'PTTBC_ECOLI', 'PTV3B_ECOLI', 'PTV3B_ECOLI', 'PTW3C_ECOLI', 'PTW3C_ECOLI', 'PTGCB_ECOLI', 'PTOCB_ECOLI', 'PTYBC_ECOLI']",0,[],0,[],1,"['PTGCB_BUCAI', 'PTGA_BUCAI']",0,[]
TRYPSYN,COG0159,COG0133,,,,,,,,,,,,,,,,,,,,,,,,,,1,"['TRPA_ECOLI', 'TRPB_ECOLI']",1,"['TRPA_MYCTU', 'TRPB_MYCTU']",1,"['TRPB_MYCLE', 'TRPA_MYCLE']",1,"['TRPB_BUCAI', 'TRPA_BUCAI']",0,[]
CPLX0-7609,COG0486,COG0445,,,,,,,,,,,,,,,,,,,,,,,,,,1,"['MNMG_ECOLI', 'MNME_ECOLI']",0,[],0,[],1,"['MNME_BUCAI', 'MNMG_BUCAI']",1,"['MNME_BUCCC', 'MNMG_BUCCC']"
ABC-29-CPLX,COG4167,COG4170,COG4168,COG4171,COG4166,,,,,,,,,,,,,,,,,,,,,,,1,"['SAPF_ECOLI', 'SAPC_ECOLI', 'MPPA_ECOLI', 'YGIS_ECOLI', 'SAPA_ECOLI', 'SAPB_ECOLI', 'SAPD_ECOLI', 'YEJA_ECOLI', 'OPPA_ECOLI']",0.2,['I6X811_MYCTU'],0,[],0,[],0,[]
CPLX-164,COG1264,COG2190,,,,,,,,,,,,,,,,,,,,,,,,,,1,"['PTGA_ECOLI', 'PTIBC_ECOLI', 'PTTBC_ECOLI', 'PTV3B_ECOLI', 'PTV3B_ECOLI', 'PTW3C_ECOLI', 'PTW3C_ECOLI', 'PTGCB_ECOLI', 'PTOCB_ECOLI', 'PTYBC_ECOLI']",0,[],0,[],1,"['PTGCB_BUCAI', 'PTGA_BUCAI']",0,[]
CPLX-168,COG1264,COG2190,,,,,,,,,,,,,,,,,,,,,,,,,,1,"['PTGA_ECOLI', 'PTIBC_ECOLI', 'PTTBC_ECOLI', 'PTV3B_ECOLI', 'PTV3B_ECOLI', 'PTW3C_ECOLI', 'PTW3C_ECOLI', 'PTGCB_ECOLI', 'PTOCB_ECOLI', 'PTYBC_ECOLI']",0,[],0,[],1,"['PTGCB_BUCAI', 'PTGA_BUCAI']",0,[]
CPLX0-245,COG0450,COG3634,,,,,,,,,,,,,,,,,,,,,,,,,,1,"['AHPF_ECOLI', 'AHPC_ECOLI']",0.5,['AHPC_MYCTU'],0.5,['Q9CBF5_MYCLE'],0.5,['AHPC_BUCAI'],0.5,['Q057V5_BUCCC']
CPLX-156,COG1762,COG2213,,,,,,,,,,,,,,,,,,,,,,,,,,1,"['PTMA_ECOLI', 'PTSN_ECOLI', 'PTKA_ECOLI', 'MNGA_ECOLI', 'ULAC_ECOLI', 'FRVR_ECOLI', 'PTMCB_ECOLI', 'PTM3C_ECOLI', 'PTFX2_ECOLI', 'PTFLA_ECOLI']",0,[],0,[],0.5,['PTM3C_BUCAI'],0,[]
CPLX0-3949,COG2022,COG1060,,,,,,,,,,,,,,,,,,,,,,,,,,1,"['THIH_ECOLI', 'THIG_ECOLI']",1,"['FBIC_MYCTU', 'THIG_MYCTU']",1,"['THIG_MYCLE', 'FBIC_MYCLE']",0,[],0,[]
CPLX-8029,COG1060,COG2022,,,,,,,,,,,,,,,,,,,,,,,,,,1,"['THIH_ECOLI', 'THIG_ECOLI']",1,"['FBIC_MYCTU', 'THIG_MYCTU']",1,"['THIG_MYCLE', 'FBIC_MYCLE']",0,[],0,[]
CPLX0-1862,COG0810,COG0811,COG0848,COG4206,COG0614,COG4139,COG4138,,,,,,,,,,,,,,,,,,,,,1,"['EXBB_ECOLI', 'TONB_ECOLI', 'EXBD_ECOLI', 'BTUD_ECOLI', 'TOLR_ECOLI', 'BTUC_ECOLI', 'FHUD_ECOLI', 'TOLQ_ECOLI', 'BTUB_ECOLI', 'BTUF_ECOLI']",0.142857143,"['O53291_MYCTU', 'L7N6B2_MYCTU']",0.142857143,['Q9CBQ4_MYCLE'],0,[],0,[]
CPLX0-1923,COG0810,COG0811,COG0848,,,,,,,,,,,,,,,,,,,,,,,,,1,"['EXBB_ECOLI', 'TONB_ECOLI', 'EXBD_ECOLI', 'TOLR_ECOLI', 'TOLQ_ECOLI']",0,[],0,[],0,[],0,[]
CPLX0-1942,COG0848,COG0811,COG0810,COG1629,,,,,,,,,,,,,,,,,,,,,,,,1,"['EXBB_ECOLI', 'TONB_ECOLI', 'EXBD_ECOLI', 'FHUA_ECOLI', 'YNCD_ECOLI', 'TOLR_ECOLI', 'YOEA_ECOLI', 'TOLQ_ECOLI']",0,[],0,[],0,[],0,[]
CPLX0-1941,COG0848,COG0811,COG0810,COG4771,,,,,,,,,,,,,,,,,,,,,,,,1,"['EXBB_ECOLI', 'TONB_ECOLI', 'CIRA_ECOLI', 'EXBD_ECOLI', 'TOLR_ECOLI', 'FEPA_ECOLI', 'TOLQ_ECOLI']",0,[],0,[],0,[],0,[]
CPLX0-7954,COG0614,COG0609,COG1120,COG0810,COG0811,COG0848,COG4773,,,,,,,,,,,,,,,,,,,,,1,"['EXBB_ECOLI', 'TONB_ECOLI', 'EXBD_ECOLI', 'FHUE_ECOLI', 'FECE_ECOLI', 'FEPC_ECOLI', 'FHUC_ECOLI', 'FECD_ECOLI', 'FEPD_ECOLI', 'FECC_ECOLI', 'TOLR_ECOLI', 'FHUD_ECOLI', 'FHUB_ECOLI', 'TOLQ_ECOLI', 'BTUF_ECOLI']",0.142857143,"['O53291_MYCTU', 'L7N6B2_MYCTU']",0.142857143,['Q9CBQ4_MYCLE'],0,[],0,[]
CPLX0-2001,COG4594,COG0609,COG0609,COG1120,COG0810,COG0811,COG0848,COG4772,,,,,,,,,,,,,,,,,,,,1,"['FECB_ECOLI', 'EXBB_ECOLI', 'TONB_ECOLI', 'EXBD_ECOLI', 'FECE_ECOLI', 'FEPC_ECOLI', 'FHUC_ECOLI', 'FECD_ECOLI', 'FEPD_ECOLI', 'FECC_ECOLI', 'TOLR_ECOLI', 'FECA_ECOLI', 'FHUB_ECOLI', 'TOLQ_ECOLI']",0,[],0,[],0,[],0,[]
CPLX0-7952,COG4773,COG0848,COG0811,COG0810,,,,,,,,,,,,,,,,,,,,,,,,1,"['EXBB_ECOLI', 'TONB_ECOLI', 'EXBD_ECOLI', 'FHUE_ECOLI', 'TOLR_ECOLI', 'TOLQ_ECOLI']",0,[],0,[],0,[],0,[]
CPLX0-1943,COG4772,COG0848,COG0811,COG0810,,,,,,,,,,,,,,,,,,,,,,,,1,"['EXBB_ECOLI', 'TONB_ECOLI', 'EXBD_ECOLI', 'TOLR_ECOLI', 'FECA_ECOLI', 'TOLQ_ECOLI']",0,[],0,[],0,[],0,[]
CPLX0-1981,COG0614,COG0609,COG1120,COG1629,COG0810,COG0811,COG0848,,,,,,,,,,,,,,,,,,,,,1,"['EXBB_ECOLI', 'TONB_ECOLI', 'EXBD_ECOLI', 'FHUA_ECOLI', 'FECE_ECOLI', 'FEPC_ECOLI', 'YNCD_ECOLI', 'FHUC_ECOLI', 'FECD_ECOLI', 'FEPD_ECOLI', 'FECC_ECOLI', 'TOLR_ECOLI', 'YOEA_ECOLI', 'FHUD_ECOLI', 'FHUB_ECOLI', 'TOLQ_ECOLI', 'BTUF_ECOLI']",0.142857143,"['O53291_MYCTU', 'L7N6B2_MYCTU']",0.142857143,['Q9CBQ4_MYCLE'],0,[],0,[]
CPLX0-7787,COG3041,COG3077,,,,,,,,,,,,,,,,,,,,,,,,,,1,"['YAFQ_ECOLI', 'DINJ_ECOLI', 'RELB_ECOLI']",0,[],0,[],0,[],0,[]
CPLX0-3933,COG2913,COG3317,COG4105,COG4775,COG1520,,,,,,,,,,,,,,,,,,,,,,,1,"['BAMD_ECOLI', 'BAMB_ECOLI', 'BAMC_ECOLI', 'BAMA_ECOLI', 'BAME_ECOLI']",0.2,['Y3035_MYCTU'],0.2,['Q9CBR0_MYCLE'],0.6,"['BAMA_BUCAI', 'BAME_BUCAI', 'BAMD_BUCAI']",0.2,['Q057S7_BUCCC']
CPLX0-2381,COG0855,COG1530,COG0513,COG1185,COG0148,,,,,,,,,,,,,,,,,,,,,,,1,"['PNP_ECOLI', 'ENO_ECOLI', 'RNG_ECOLI', 'DBPA_ECOLI', 'RHLE_ECOLI', 'DEAD_ECOLI', 'PPK1_ECOLI', 'RNE_ECOLI', 'RHLB_ECOLI', 'SRMB_ECOLI']",1,"['PPK1_MYCTU', 'DEAD_MYCTU', 'PNP_MYCTU', 'O05855_MYCTU', 'P71905_MYCTU', 'ENO_MYCTU']",1,"['Q9CCH3_MYCLE', 'PNP_MYCLE', 'PPK1_MYCLE', 'Q9CBZ1_MYCLE', 'ENO_MYCLE']",0.8,"['ENO_BUCAI', 'DEAD_BUCAI', 'RNE_BUCAI', 'PNP_BUCAI']",0.6,"['Q057K4_BUCCC', 'ENO_BUCCC', 'PNP_BUCCC']"
TRANS-CPLX-201,COG0845,COG1538,COG0841,,,,,,,,,,,,,,,,,,,,,,,,,1,"['TOLC_ECOLI', 'MDTF_ECOLI', 'MDTQ_ECOLI', 'CUSC_ECOLI', 'MDTB_ECOLI', 'ACRF_ECOLI', 'MDTC_ECOLI', 'MACA_ECOLI', 'ACRD_ECOLI', 'MDTP_ECOLI', 'ACRB_ECOLI']",0,[],0,[],0,[],0,[]
ABC-32-CPLX,COG3840,COG1178,COG4143,,,,,,,,,,,,,,,,,,,,,,,,,1,"['THIQ_ECOLI', 'THIP_ECOLI', 'AFUB_ECOLI', 'THIB_ECOLI']",0,[],0,[],0,[],0,[]
CPLX0-2361,COG0587,COG0847,NOG07474,,,,,,,,,,,,,,,,,,,,,,,,,1,"['DPO3A_ECOLI', 'RNT_ECOLI', 'DPO3E_ECOLI', 'EXOX_ECOLI']",1,"['O69678_MYCTU', 'DPO3A_MYCTU', 'Y2191_MYCTU', 'DNAE2_MYCTU']",0.5,['DPO3A_MYCLE'],1,"['DPO3E_BUCAI', 'DPO3A_BUCAI', 'RNT_BUCAI']",1,"['RNT_BUCCC', 'Q057S5_BUCCC', 'Q057S0_BUCCC']"
CPLX0-221,COG0085,COG0086,COG0202,COG1595,,,,,,,,,,,,,,,,,,,,,,,,1,"['RPOC_ECOLI', 'RPOE_ECOLI', 'RPOB_ECOLI', 'FECI_ECOLI', 'RPOA_ECOLI']",1,"['SIGL_MYCTU', 'RPOC_MYCTU', 'SIGG_MYCTU', 'SIGH_MYCTU', 'RPSC_MYCTU', 'RPOB_MYCTU', 'RPOA_MYCTU', 'SIGE_MYCTU', 'SIGK_MYCTU', 'SIGI_MYCTU']",1,"['RPOC_MYCLE', 'Q9CC01_MYCLE', 'RPOA_MYCLE', 'RPOB_MYCLE', 'Q9CCA6_MYCLE']",0.75,"['RPOA_BUCAI', 'RPOB_BUCAI', 'RPOC_BUCAI']",0.75,"['RPOA_BUCCC', 'RPOC_BUCCC', 'RPOB_BUCCC']"
RNAP54-CPLX,COG0085,COG0086,COG0202,COG1508,,,,,,,,,,,,,,,,,,,,,,,,1,"['RPOC_ECOLI', 'RPOB_ECOLI', 'RP54_ECOLI', 'RPOA_ECOLI']",0.75,"['RPOC_MYCTU', 'RPOB_MYCTU', 'RPOA_MYCTU']",0.75,"['RPOC_MYCLE', 'RPOA_MYCLE', 'RPOB_MYCLE']",0.75,"['RPOA_BUCAI', 'RPOB_BUCAI', 'RPOC_BUCAI']",0.75,"['RPOA_BUCCC', 'RPOC_BUCCC', 'RPOB_BUCCC']"
RNAPS-CPLX,COG0085,COG0086,COG0202,COG0568,,,,,,,,,,,,,,,,,,,,,,,,1,"['RPOS_ECOLI', 'RPOC_ECOLI', 'RPOB_ECOLI', 'RPOH_ECOLI', 'RPOD_ECOLI', 'RPOA_ECOLI']",1,"['RPOC_MYCTU', 'RPOB_MYCTU', 'RPOA_MYCTU', 'SIGA_MYCTU', 'SIGB_MYCTU']",1,"['RPOC_MYCLE', 'RPOA_MYCLE', 'Q7AQB1_MYCLE', 'RPOB_MYCLE', 'Q59531_MYCLE']",1,"['RPOA_BUCAI', 'RPOH_BUCAI', 'RPOD_BUCAI', 'RPOB_BUCAI', 'RPOC_BUCAI']",1,"['Q058E8_BUCCC', 'Q058D4_BUCCC', 'RPOA_BUCCC', 'RPOC_BUCCC', 'RPOB_BUCCC']"
RNAP32-CPLX,COG0085,COG0086,COG0202,COG0568,,,,,,,,,,,,,,,,,,,,,,,,1,"['RPOS_ECOLI', 'RPOC_ECOLI', 'RPOB_ECOLI', 'RPOH_ECOLI', 'RPOD_ECOLI', 'RPOA_ECOLI']",1,"['RPOC_MYCTU', 'RPOB_MYCTU', 'RPOA_MYCTU', 'SIGA_MYCTU', 'SIGB_MYCTU']",1,"['RPOC_MYCLE', 'RPOA_MYCLE', 'Q7AQB1_MYCLE', 'RPOB_MYCLE', 'Q59531_MYCLE']",1,"['RPOA_BUCAI', 'RPOH_BUCAI', 'RPOD_BUCAI', 'RPOB_BUCAI', 'RPOC_BUCAI']",1,"['Q058E8_BUCCC', 'Q058D4_BUCCC', 'RPOA_BUCCC', 'RPOC_BUCCC', 'RPOB_BUCCC']"
RNAPE-CPLX,COG0085,COG0086,COG0202,COG1595,,,,,,,,,,,,,,,,,,,,,,,,1,"['RPOC_ECOLI', 'RPOE_ECOLI', 'RPOB_ECOLI', 'FECI_ECOLI', 'RPOA_ECOLI']",1,"['SIGL_MYCTU', 'RPOC_MYCTU', 'SIGG_MYCTU', 'SIGH_MYCTU', 'RPSC_MYCTU', 'RPOB_MYCTU', 'RPOA_MYCTU', 'SIGE_MYCTU', 'SIGK_MYCTU', 'SIGI_MYCTU']",1,"['RPOC_MYCLE', 'Q9CC01_MYCLE', 'RPOA_MYCLE', 'RPOB_MYCLE', 'Q9CCA6_MYCLE']",0.75,"['RPOA_BUCAI', 'RPOB_BUCAI', 'RPOC_BUCAI']",0.75,"['RPOA_BUCCC', 'RPOC_BUCCC', 'RPOB_BUCCC']"
RNAP70-CPLX,COG0085,COG0086,COG0202,COG0568,,,,,,,,,,,,,,,,,,,,,,,,1,"['RPOS_ECOLI', 'RPOC_ECOLI', 'RPOB_ECOLI', 'RPOH_ECOLI', 'RPOD_ECOLI', 'RPOA_ECOLI']",1,"['RPOC_MYCTU', 'RPOB_MYCTU', 'RPOA_MYCTU', 'SIGA_MYCTU', 'SIGB_MYCTU']",1,"['RPOC_MYCLE', 'RPOA_MYCLE', 'Q7AQB1_MYCLE', 'RPOB_MYCLE', 'Q59531_MYCLE']",1,"['RPOA_BUCAI', 'RPOH_BUCAI', 'RPOD_BUCAI', 'RPOB_BUCAI', 'RPOC_BUCAI']",1,"['Q058E8_BUCCC', 'Q058D4_BUCCC', 'RPOA_BUCCC', 'RPOC_BUCCC', 'RPOB_BUCCC']"
CPLX0-222,COG1191,COG0085,COG0086,COG0202,,,,,,,,,,,,,,,,,,,,,,,,1,"['FLIA_ECOLI', 'RPOC_ECOLI', 'RPOB_ECOLI', 'RPOA_ECOLI']",1,"['RPOC_MYCTU', 'RPOB_MYCTU', 'RPOA_MYCTU', 'SIGF_MYCTU']",0.75,"['RPOC_MYCLE', 'RPOA_MYCLE', 'RPOB_MYCLE']",0.75,"['RPOA_BUCAI', 'RPOB_BUCAI', 'RPOC_BUCAI']",0.75,"['RPOA_BUCCC', 'RPOC_BUCCC', 'RPOB_BUCCC']"
CPLX0-8,COG1077,COG1792,COG2891,,,,,,,,,,,,,,,,,,,,,,,,,1,"['MREC_ECOLI', 'MREB_ECOLI', 'MRED_ECOLI']",0,[],0,[],0,[],0,[]
CPLX0-7992,COG2980,COG1452,COG0795,COG1137,COG0795,COG3117,COG1934,,,,,,,,,,,,,,,,,,,,,1,"['LPTD_ECOLI', 'LPTB_ECOLI', 'LPTE_ECOLI', 'LPTG_ECOLI', 'LPTF_ECOLI', 'LPTC_ECOLI', 'LPTA_ECOLI']",0,[],0,[],0,[],0,[]
CPLX0-2661,COG1401,COG4268,,,,,,,,,,,,,,,,,,,,,,,,,,1,"['MCRB_ECOLI', 'MCRC_ECOLI']",0,[],0,[],0,[],0,[]
DTDPRHAMSYNTHMULTI-CPLX,COG1898,COG1898,,,,,,,,,,,,,,,,,,,,,,,,,,1,['RMLC_ECOLI'],1,['RMLC_MYCTU'],1,['Q7AQ10_MYCLE'],0,[],0,[]
CPLX0-7791,COG3077,COG2026,,,,,,,,,,,,,,,,,,,,,,,,,,1,"['DINJ_ECOLI', 'RELB_ECOLI', 'RELE_ECOLI']",0.5,"['RELE_MYCTU', 'RELG_MYCTU']",0,[],0,[],0,[]
ABC-28-CPLX,COG1129,COG1172,COG1879,,,,,,,,,,,,,,,,,,,,,,,,,1,"['ARAH_ECOLI', 'RBSB_ECOLI', 'TORT_ECOLI', 'RBSA_ECOLI', 'ARAF_ECOLI', 'LSRC_ECOLI', 'YTFR_ECOLI', 'YPHD_ECOLI', 'MGLA_ECOLI', 'RBSC_ECOLI', 'XYLG_ECOLI', 'ALSB_ECOLI', 'ALSC_ECOLI', 'ALSA_ECOLI', 'YPHF_ECOLI', 'YPHE_ECOLI', 'ARAG_ECOLI', 'DGAL_ECOLI', 'LSRA_ECOLI']",0,[],0.666666667,"['Q49738_MYCLE', 'Q9CCU8_MYCLE']",0,[],0,[]
EIISGA,COG1762,COG3414,COG3037,,,,,,,,,,,,,,,,,,,,,,,,,1,"['ULAA_ECOLI', 'PTMA_ECOLI', 'PTSN_ECOLI', 'PTKA_ECOLI', 'MNGA_ECOLI', 'ULAC_ECOLI', 'SGCB_ECOLI', 'FRVR_ECOLI', 'ULAB_ECOLI', 'PTFX2_ECOLI', 'PTKB_ECOLI', 'PTFLA_ECOLI']",0,[],0,[],0,[],0,[]
CPLX0-232,COG1263,COG1263,,,,,,,,,,,,,,,,,,,,,,,,,,1,"['PTXC_ECOLI', 'PTIBC_ECOLI', 'PTTBC_ECOLI', 'PTV3B_ECOLI', 'PTW3C_ECOLI', 'PTGCB_ECOLI', 'PTOCB_ECOLI']",0,[],0,[],1,['PTGCB_BUCAI'],0,[]
GLUTAMATESYN-DIMER,COG0493,COG0069,,,,,,,,,,,,,,,,,,,,,,,,,,1,"['YGFT_ECOLI', 'YGFK_ECOLI', 'PRET_ECOLI', 'GLTD_ECOLI', 'GLTB_ECOLI', 'AEGA_ECOLI']",1,"['FPRB_MYCTU', 'FPRA_MYCTU', 'GLTD_MYCTU', 'GLTB_MYCTU']",1,"['Q9CDD5_MYCLE', 'FPRA_MYCLE', 'Q9CDD4_MYCLE', 'FPRB_MYCLE']",0,[],0,[]
GLUTAMATESYN-CPLX,COG0069,COG0493,,,,,,,,,,,,,,,,,,,,,,,,,,1,"['YGFT_ECOLI', 'YGFK_ECOLI', 'PRET_ECOLI', 'GLTD_ECOLI', 'GLTB_ECOLI', 'AEGA_ECOLI']",1,"['FPRB_MYCTU', 'FPRA_MYCTU', 'GLTD_MYCTU', 'GLTB_MYCTU']",1,"['Q9CDD5_MYCLE', 'FPRA_MYCLE', 'Q9CDD4_MYCLE', 'FPRB_MYCLE']",0,[],0,[]
ABC-34-CPLX,COG3839,COG1175,COG0395,COG1653,,,,,,,,,,,,,,,,,,,,,,,,1,"['YCJV_ECOLI', 'UGPA_ECOLI', 'YCJN_ECOLI', 'UGPB_ECOLI', 'YCJO_ECOLI', 'YCJP_ECOLI', 'MALK_ECOLI', 'MALF_ECOLI', 'UGPE_ECOLI', 'UGPC_ECOLI']",1,"['P71896_MYCTU', 'I6X5H3_MYCTU', 'O53482_MYCTU', 'LPQY_MYCTU', 'P71619_MYCTU', 'I6Y1U3_MYCTU', 'I6XFF3_MYCTU', 'O53484_MYCTU', 'O53485_MYCTU', 'P71894_MYCTU', 'SUGC_MYCTU', 'O53483_MYCTU', 'L7N652_MYCTU', 'SUGA_MYCTU', 'SUGB_MYCTU']",1,"['Q7AQ52_MYCLE', 'Q9CBN7_MYCLE', 'Q9CBN8_MYCLE', 'Q7AQ92_MYCLE', 'Q9CCA2_MYCLE', 'Q9CBN6_MYCLE', 'Q9CCA3_MYCLE', 'Q7AQ54_MYCLE', 'Q7AQ51_MYCLE', 'Q7AQ53_MYCLE']",0,[],0,[]
ANGLYC3PDEHYDROG-CPLX,COG0578,COG3075,COG0247,,,,,,,,,,,,,,,,,,,,,,,,,1,"['GLPB_ECOLI', 'YDIJ_ECOLI', 'GLCF_ECOLI', 'YKGE_ECOLI', 'GLPA_ECOLI', 'GLPC_ECOLI', 'GLPD_ECOLI']",0.666666667,"['GLPD1_MYCTU', 'GLPD2_MYCTU', 'O33268_MYCTU']",0.666666667,"['GLPD_MYCLE', 'Q9CB20_MYCLE']",0,[],0,[]
PROLINEMULTI-CPLX,COG0263,COG0014,,,,,,,,,,,,,,,,,,,,,,,,,,1,"['PROB_ECOLI', 'PROA_ECOLI']",1,"['PROA_MYCTU', 'PROB_MYCTU']",1,"['PROA_MYCLE', 'PROB_MYCLE']",0,[],0,[]
ABC-27-CPLX,COG1117,COG0581,COG0573,COG0226,,,,,,,,,,,,,,,,,,,,,,,,1,"['PSTS_ECOLI', 'PSTA_ECOLI', 'PSTB_ECOLI', 'PSTC_ECOLI']",1,"['PSTS2_MYCTU', 'PSTB1_MYCTU', 'PSTC1_MYCTU', 'PSTC2_MYCTU', 'PSTA2_MYCTU', 'PSTS1_MYCTU', 'PSTA1_MYCTU', 'PSTB2_MYCTU', 'PSTS3_MYCTU']",1,"['PSTB_MYCLE', 'PSTC_MYCLE', 'Q50043_MYCLE', 'PSTS3_MYCLE', 'PSTA_MYCLE']",0,[],0,[]
PHES-CPLX,COG0016,COG0073,,,,,,,,,,,,,,,,,,,,,,,,,,1,"['SYFB_ECOLI', 'SYFA_ECOLI', 'YGJH_ECOLI', 'SYM_ECOLI']",1,"['SYFB_MYCTU', 'SYFA_MYCTU']",1,"['SYFB_MYCLE', 'SYFA_MYCLE']",1,"['SYFB_BUCAI', 'SYFA_BUCAI']",0.5,['Q057Z0_BUCCC']
APORNAP-CPLX,COG0202,COG0086,COG0085,,,,,,,,,,,,,,,,,,,,,,,,,1,"['RPOC_ECOLI', 'RPOB_ECOLI', 'RPOA_ECOLI']",1,"['RPOC_MYCTU', 'RPOB_MYCTU', 'RPOA_MYCTU']",1,"['RPOC_MYCLE', 'RPOA_MYCLE', 'RPOB_MYCLE']",1,"['RPOA_BUCAI', 'RPOB_BUCAI', 'RPOC_BUCAI']",1,"['RPOA_BUCCC', 'RPOC_BUCCC', 'RPOB_BUCCC']"
F-O-CPLX,COG0636,COG0711,COG0356,,,,,,,,,,,,,,,,,,,,,,,,,1,"['ATPL_ECOLI', 'ATP6_ECOLI', 'ATPF_ECOLI']",1,"['ATPFD_MYCTU', 'ATP6_MYCTU', 'ATPL_MYCTU', 'ATPF_MYCTU']",1,"['ATPL_MYCLE', 'ATPFD_MYCLE', 'ATPF_MYCLE', 'ATP6_MYCLE']",1,"['ATPF_BUCAI', 'ATP6_BUCAI', 'ATPL_BUCAI']",0,[]
F-1-CPLX,COG0355,COG0712,COG0056,COG0224,COG0055,,,,,,,,,,,,,,,,,,,,,,,1,"['ATPA_ECOLI', 'ATPE_ECOLI', 'ATPB_ECOLI', 'ATPG_ECOLI', 'ATPD_ECOLI']",1,"['ATPA_MYCTU', 'ATPFD_MYCTU', 'ATPE_MYCTU', 'ATPG_MYCTU', 'ATPB_MYCTU']",1,"['ATPG_MYCLE', 'ATPE_MYCLE', 'ATPFD_MYCLE', 'ATPA_MYCLE', 'ATPB_MYCLE']",1,"['ATPD_BUCAI', 'ATPB_BUCAI', 'ATPG_BUCAI', 'ATPA_BUCAI', 'ATPE_BUCAI']",0,[]
ATPSYN-CPLX,COG0356,COG0711,COG0636,COG0055,COG0224,COG0056,COG0712,COG0355,,,,,,,,,,,,,,,,,,,,1,"['ATPA_ECOLI', 'ATPL_ECOLI', 'ATP6_ECOLI', 'ATPE_ECOLI', 'ATPB_ECOLI', 'ATPG_ECOLI', 'ATPF_ECOLI', 'ATPD_ECOLI']",1,"['ATPA_MYCTU', 'ATPFD_MYCTU', 'ATPFD_MYCTU', 'ATPE_MYCTU', 'ATPG_MYCTU', 'ATP6_MYCTU', 'ATPB_MYCTU', 'ATPL_MYCTU', 'ATPF_MYCTU']",1,"['ATPG_MYCLE', 'ATPL_MYCLE', 'ATPE_MYCLE', 'ATPFD_MYCLE', 'ATPFD_MYCLE', 'ATPF_MYCLE', 'ATPA_MYCLE', 'ATP6_MYCLE', 'ATPB_MYCLE']",1,"['ATPD_BUCAI', 'ATPF_BUCAI', 'ATP6_BUCAI', 'ATPB_BUCAI', 'ATPG_BUCAI', 'ATPL_BUCAI', 'ATPA_BUCAI', 'ATPE_BUCAI']",0,[]
ABC-26-CPLX,COG4175,COG4176,COG2113,,,,,,,,,,,,,,,,,,,,,,,,,1,"['PROW_ECOLI', 'PROV_ECOLI', 'PROX_ECOLI']",0,[],0,[],0,[],0,[]
FAO-CPLX,COG1250,COG0183,,,,,,,,,,,,,,,,,,,,,,,,,,1,"['FADB_ECOLI', 'PAAH_ECOLI', 'YQEF_ECOLI', 'FADI_ECOLI', 'FADA_ECOLI', 'FADJ_ECOLI', 'PAAJ_ECOLI', 'ATOB_ECOLI']",1,"['O53872_MYCTU', 'O86361_MYCTU', 'O53422_MYCTU', 'Y0859_MYCTU', 'L7N682_MYCTU', 'P95148_MYCTU', 'O06144_MYCTU', 'I6XWJ8_MYCTU', 'FADA4_MYCTU', 'FADB2_MYCTU', 'O33332_MYCTU', 'I6XHJ3_MYCTU', 'L7N688_MYCTU']",1,"['Q7APU3_MYCLE', 'Q9CB39_MYCLE', 'FADA4_MYCLE', 'Q9CBD8_MYCLE', 'Q9CBD7_MYCLE']",0,[],0,[]
CPLX0-7879,COG0051,COG0781,,,,,,,,,,,,,,,,,,,,,,,,,,1,"['RS10_ECOLI', 'NUSB_ECOLI']",1,"['RS10_MYCTU', 'NUSB_MYCTU']",1,"['RS10_MYCLE', 'NUSB_MYCLE']",1,"['RS10_BUCAI', 'NUSB_BUCAI']",1,"['NUSB_BUCCC', 'RS10_BUCCC']"
CPLX0-3362,COG1894,COG0852,COG1143,,,,,,,,,,,,,,,,,,,,,,,,,1,"['NUOI_ECOLI', 'HYFH_ECOLI', 'NUOF_ECOLI', 'HYCF_ECOLI', 'NUOCD_ECOLI']",1,"['NUOF_MYCTU', 'NUOI_MYCTU', 'NUOC_MYCTU']",0,[],1,"['NUOCD_BUCAI', 'NUOF_BUCAI', 'NUOI_BUCAI']",1,"['Q057X1_BUCCC', 'NUOCD_BUCCC', 'NUOI_BUCCC']"
NADH-DHI-CPLX,COG1008,COG1005,COG0839,COG0713,COG1009,COG1008,COG1007,COG1034,COG1894,COG1905,COG1143,COG0852,COG1894,,,,,,,,,,,,,,,1,"['NUOI_ECOLI', 'NUOG_ECOLI', 'HYFD_ECOLI', 'NUOK_ECOLI', 'HYFH_ECOLI', 'NUOL_ECOLI', 'NUOJ_ECOLI', 'NUOF_ECOLI', 'HYCF_ECOLI', 'NUON_ECOLI', 'NUOCD_ECOLI', 'NUOH_ECOLI', 'NUOM_ECOLI', 'NUOE_ECOLI']",1,"['NUOG_MYCTU', 'NUON_MYCTU', 'NUOF_MYCTU', 'NUOH_MYCTU', 'NUOL_MYCTU', 'NUOE_MYCTU', 'NUOI_MYCTU', 'NUOK_MYCTU', 'NUOM_MYCTU', 'NUOC_MYCTU', 'P95172_MYCTU']",0,[],1,"['NUOK_BUCAI', 'NUOCD_BUCAI', 'NUOE_BUCAI', 'NUOH_BUCAI', 'NUOJ_BUCAI', 'NUOF_BUCAI', 'NUOG_BUCAI', 'NUON_BUCAI', 'NUOM_BUCAI', 'NUOI_BUCAI', 'NUOL_BUCAI']",0.923076923,"['Q057X2_BUCCC', 'Q057W9_BUCCC', 'NUOK_BUCCC', 'Q057X1_BUCCC', 'Q057W4_BUCCC', 'Q057W5_BUCCC', 'Q057X0_BUCCC', 'NUON_BUCCC', 'NUOCD_BUCCC', 'NUOI_BUCCC']"
CPLX0-2424,COG0187,COG0188,,,,,,,,,,,,,,,,,,,,,,,,,,1,"['PARC_ECOLI', 'GYRA_ECOLI', 'GYRB_ECOLI', 'PARE_ECOLI']",1,"['GYRA_MYCTU', 'GYRB_MYCTU']",1,"['GYRA_MYCLE', 'GYRB_MYCLE']",1,"['GYRA_BUCAI', 'GYRB_BUCAI']",1,"['Q058G1_BUCCC', 'Q057V6_BUCCC']"
CPLX0-3803,NOG07474,COG0847,COG0587,COG1466,COG0470,COG2812,COG0592,COG3050,COG2927,,,,,,,,,,,,,,,,,,,1,"['DPO3A_ECOLI', 'RNT_ECOLI', 'HOLB_ECOLI', 'DPO3E_ECOLI', 'HOLA_ECOLI', 'HOLC_ECOLI', 'EXOX_ECOLI', 'HOLD_ECOLI', 'DPO3X_ECOLI', 'DPO3B_ECOLI']",0.75,"['O06363_MYCTU', 'P71730_MYCTU', 'DPO3B_MYCTU', 'O69678_MYCTU', 'DPO3A_MYCTU', 'Y2191_MYCTU', 'DNAE2_MYCTU', 'DPO3X_MYCTU']",0.625,"['Q7AQM2_MYCLE', 'Q7APW2_MYCLE', 'DPO3B_MYCLE', 'DPO3A_MYCLE', 'Q7AQH2_MYCLE']",0.75,"['DPO3E_BUCAI', 'DPO3X_BUCAI', 'HOLB_BUCAI', 'DPO3B_BUCAI', 'HOLA_BUCAI', 'DPO3A_BUCAI', 'RNT_BUCAI']",0.625,"['RNT_BUCCC', 'Q057L1_BUCCC', 'Q057E1_BUCCC', 'Q058G0_BUCCC', 'Q057S5_BUCCC', 'Q057S0_BUCCC']"
FLAGELLAR-MOTOR-COMPLEX,COG1886,COG1868,COG1536,COG2063,COG1291,COG1360,COG1815,COG1558,COG4787,COG4786,COG1706,COG1766,COG1677,,,,,,,,,,,,,,,1,"['FLIN_ECOLI', 'MOTB_ECOLI', 'FLGC_ECOLI', 'FLGG_ECOLI', 'FLGH_ECOLI', 'FLGB_ECOLI', 'FLIM_ECOLI', 'FLIE_ECOLI', 'FLGF_ECOLI', 'FLIG_ECOLI', 'FLIF_ECOLI', 'FLGI_ECOLI', 'MOTA_ECOLI']",0,[],0,[],0.846153846,"['FLGH_BUCAI', 'FLIF_BUCAI', 'FLGB_BUCAI', 'FLIN_BUCAI', 'FLIG_BUCAI', 'FLGC_BUCAI', 'FLGG_BUCAI', 'FLGF_BUCAI', 'FLIM_BUCAI', 'FLGI_BUCAI', 'FLIE_BUCAI']",0.307692308,"['Q058C3_BUCCC', 'Q057L7_BUCCC', 'Q058C6_BUCCC', 'Q058C7_BUCCC']"
ABC-18-CPLX,COG1129,COG4211,COG1879,,,,,,,,,,,,,,,,,,,,,,,,,1,"['MGLC_ECOLI', 'RBSB_ECOLI', 'TORT_ECOLI', 'RBSA_ECOLI', 'ARAF_ECOLI', 'YTFR_ECOLI', 'MGLA_ECOLI', 'XYLG_ECOLI', 'ALSB_ECOLI', 'ALSA_ECOLI', 'YPHF_ECOLI', 'YPHE_ECOLI', 'ARAG_ECOLI', 'DGAL_ECOLI', 'LSRA_ECOLI']",0,[],0.333333333,['Q49738_MYCLE'],0,[],0,[]
METNIQ-METHIONINE-ABC-CPLX,COG1135,COG2011,COG1464,,,,,,,,,,,,,,,,,,,,,,,,,1,"['NLPA_ECOLI', 'METQ_ECOLI', 'METN_ECOLI', 'METI_ECOLI']",0,[],0,[],0,[],0,[]
SECE-G-Y-CPLX,COG0690,COG1314,COG0201,,,,,,,,,,,,,,,,,,,,,,,,,1,"['SECG_ECOLI', 'SECY_ECOLI', 'SECE_ECOLI']",0.666666667,"['SECG_MYCTU', 'SECY_MYCTU']",1,"['SECE_MYCLE', 'SECG_MYCLE', 'SECY_MYCLE']",1,"['SECE_BUCAI', 'SECY_BUCAI', 'SECG_BUCAI']",0.333333333,['Q057C4_BUCCC']
ABC-16-CPLX,COG3839,COG1175,COG3833,COG2182,,,,,,,,,,,,,,,,,,,,,,,,1,"['YCJV_ECOLI', 'MALG_ECOLI', 'UGPA_ECOLI', 'YCJO_ECOLI', 'MALK_ECOLI', 'MALF_ECOLI', 'MALE_ECOLI', 'UGPC_ECOLI']",0.5,"['P71896_MYCTU', 'I6X5H3_MYCTU', 'O53482_MYCTU', 'I6XFF3_MYCTU', 'O53484_MYCTU', 'SUGC_MYCTU', 'SUGA_MYCTU']",0.5,"['Q7AQ52_MYCLE', 'Q9CBN8_MYCLE', 'Q7AQ92_MYCLE', 'Q9CCA2_MYCLE', 'Q7AQ54_MYCLE']",0,[],0,[]
MONOMER0-1761,COG2909,COG3839,,,,,,,,,,,,,,,,,,,,,,,,,,1,"['YCJV_ECOLI', 'MALT_ECOLI', 'MALK_ECOLI', 'UGPC_ECOLI']",1,"['I6X5H3_MYCTU', 'O53482_MYCTU', 'PKNK_MYCTU', 'SUGC_MYCTU']",0.5,"['Q7AQ92_MYCLE', 'Q7AQ54_MYCLE']",0,[],0,[]
2OXOGLUTARATEDEH-CPLX,COG0567,COG0508,COG1249,,,,,,,,,,,,,,,,,,,,,,,,,1,"['ODO1_ECOLI', 'GSHR_ECOLI', 'ODO2_ECOLI', 'DLDH_ECOLI', 'STHA_ECOLI', 'ODP2_ECOLI', 'RCLA_ECOLI']",1,"['BKDC_MYCTU', 'STHA_MYCTU', 'KGD_MYCTU', 'KGD_MYCTU', 'Y1734_MYCTU', 'DLDH_MYCTU', 'LPDA_MYCTU', 'ODP2_MYCTU', 'I6Y4U4_MYCTU', 'MTR_MYCTU']",1,"['DLDH_MYCLE', 'Q7AQE7_MYCLE', 'KGD_MYCLE', 'KGD_MYCLE']",1,"['DLDH_BUCAI', 'ODO1_BUCAI', 'ODP2_BUCAI', 'ODO2_BUCAI']",1,"['Q057P2_BUCCC', 'Q057U0_BUCCC', 'Q057U1_BUCCC', 'Q057P3_BUCCC']"
CPLX0-3108,COG0740,COG0542,COG1219,,,,,,,,,,,,,,,,,,,,,,,,,1,"['CLPX_ECOLI', 'CLPB_ECOLI', 'CLPP_ECOLI', 'CLPA_ECOLI']",1,"['CLPB_MYCTU', 'CLPX_MYCTU', 'CLPP1_MYCTU', 'CLPC1_MYCTU', 'CLPP2_MYCTU', 'Y2667_MYCTU']",1,"['CLPX_MYCLE', 'CLPC_MYCLE', 'CLPP2_MYCLE', 'CLPP1_MYCLE', 'CLPB_MYCLE']",0.666666667,"['CLPP_BUCAI', 'CLPX_BUCAI']",0.666666667,"['Q057E6_BUCCC', 'Q057E5_BUCCC']"
CPLX0-3107,COG0740,COG1219,,,,,,,,,,,,,,,,,,,,,,,,,,1,"['CLPX_ECOLI', 'CLPP_ECOLI']",1,"['CLPX_MYCTU', 'CLPP1_MYCTU', 'CLPP2_MYCTU']",1,"['CLPX_MYCLE', 'CLPP2_MYCLE', 'CLPP1_MYCLE']",1,"['CLPP_BUCAI', 'CLPX_BUCAI']",1,"['Q057E6_BUCCC', 'Q057E5_BUCCC']"
CPLX0-3104,COG0740,COG0542,,,,,,,,,,,,,,,,,,,,,,,,,,1,"['CLPB_ECOLI', 'CLPP_ECOLI', 'CLPA_ECOLI']",1,"['CLPB_MYCTU', 'CLPP1_MYCTU', 'CLPC1_MYCTU', 'CLPP2_MYCTU', 'Y2667_MYCTU']",1,"['CLPC_MYCLE', 'CLPP2_MYCLE', 'CLPP1_MYCLE', 'CLPB_MYCLE']",0.5,['CLPP_BUCAI'],0.5,['Q057E6_BUCCC']
CPLX0-2561,COG3096,COG3006,COG3095,,,,,,,,,,,,,,,,,,,,,,,,,1,"['MUKF_ECOLI', 'MUKE_ECOLI', 'MUKB_ECOLI']",0,[],0,[],0,[],0,[]
CPLX0-7697,COG3095,COG3006,,,,,,,,,,,,,,,,,,,,,,,,,,1,"['MUKF_ECOLI', 'MUKE_ECOLI']",0,[],0,[],0,[],0,[]
ATPASE-1-CPLX,NOG259379,COG2060,COG2216,COG2156,,,,,,,,,,,,,,,,,,,,,,,,1,"['KDPA_ECOLI', 'KDPC_ECOLI', 'KDPB_ECOLI']",1,"['KDPA_MYCTU', 'KDPB_MYCTU', 'KDPC_MYCTU']",0,[],0,[],0,[]
ACETOLACTSYNII-CPLX,COG0028,COG0028,COG3978,,,,,,,,,,,,,,,,,,,,,,,,,1,"['ILVM_ECOLI', 'ILVI_ECOLI', 'POXB_ECOLI', 'ILVB_ECOLI', 'OXC_ECOLI']",0.666666667,"['ILVG_MYCTU', 'ILVB1_MYCTU', 'O53639_MYCTU', 'ILVX_MYCTU', 'ILVB2_MYCTU']",0.666666667,"['Q7APZ1_MYCLE', 'ILVB_MYCLE', 'Q49865_MYCLE']",0.666666667,['ILVI_BUCAI'],0.666666667,['Q057T4_BUCCC']
CPLX0-1721,COG1538,COG0845,COG5569,COG3696,,,,,,,,,,,,,,,,,,,,,,,,1,"['TOLC_ECOLI', 'MDTQ_ECOLI', 'CUSF_ECOLI', 'CUSC_ECOLI', 'MACA_ECOLI', 'MDTP_ECOLI', 'CUSA_ECOLI']",0,[],0,[],0,[],0,[]
FORMHYDROG2-CPLX,COG0437,COG5557,COG1740,COG0374,,,,,,,,,,,,,,,,,,,,,,,,1,"['MBHT_ECOLI', 'FDOH_ECOLI', 'MBHS_ECOLI', 'MBHL_ECOLI', 'HYBB_ECOLI', 'YNFG_ECOLI', 'NRFC_ECOLI', 'HYBA_ECOLI', 'YDHX_ECOLI', 'YDHY_ECOLI', 'MBHM_ECOLI', 'DMSB_ECOLI', 'FDNH_ECOLI']",0,[],0,[],0,[],0,[]
CPLX0-7986,COG0409,COG0298,,,,,,,,,,,,,,,,,,,,,,,,,,1,"['HYBG_ECOLI', 'HYPD_ECOLI', 'HYPC_ECOLI']",0,[],0,[],0,[],0,[]
ABC-20-CPLX,COG0444,COG1124,COG0601,COG1173,COG0747,,,,,,,,,,,,,,,,,,,,,,,1,"['DPPB_ECOLI', 'DPPA_ECOLI', 'OPPC_ECOLI', 'NIKC_ECOLI', 'GSID_ECOLI', 'DDPD_ECOLI', 'GSIB_ECOLI', 'OPPB_ECOLI', 'DDPB_ECOLI', 'DPPD_ECOLI', 'DPPC_ECOLI', 'NIKD_ECOLI', 'NIKE_ECOLI', 'NIKB_ECOLI', 'NIKA_ECOLI', 'DDPF_ECOLI', 'DDPC_ECOLI', 'OPPD_ECOLI', 'DDPA_ECOLI', 'GSIC_ECOLI']",0.6,"['I6YGV9_MYCTU', 'Y1280_MYCTU', 'LPQW_MYCTU', 'Y2585_MYCTU', 'L0TEV4_MYCTU', 'Y1282_MYCTU', 'Y1283_MYCTU']",0.6,"['Q9CC82_MYCLE', 'Y489_MYCLE', 'Q9CC80_MYCLE', 'Q9CBX3_MYCLE', 'Q9CC79_MYCLE']",0,[],0,[]
CPLX0-3821,COG0375,COG0378,,,,,,,,,,,,,,,,,,,,,,,,,,1,"['HYPB_ECOLI', 'HYBF_ECOLI', 'HYPA_ECOLI']",0.5,['UREG_MYCTU'],0,[],0,[],0,[]
ABC-6-CPLX,COG4988,COG4987,,,,,,,,,,,,,,,,,,,,,,,,,,1,"['CYDC_ECOLI', 'CYDD_ECOLI']",0.5,['O06138_MYCTU'],0,[],0,[],0,[]
CPLX0-3958,COG0286,COG4096,COG0732,,,,,,,,,,,,,,,,,,,,,,,,,1,"['T1RK_ECOLI', 'T1SK_ECOLI', 'T1MK_ECOLI']",0.666666667,"['O33298_MYCTU', 'I6XF84_MYCTU', 'I6YEB1_MYCTU']",0,[],0,[],0,[]
CPLX0-1321,COG0330,COG0330,,,,,,,,,,,,,,,,,,,,,,,,,,1,"['QMCA_ECOLI', 'HFLC_ECOLI', 'HFLK_ECOLI']",1,"['O05769_MYCTU', 'Y1488_MYCTU']",1,['Q9CBM5_MYCLE'],1,"['HFLC_BUCAI', 'HFLK_BUCAI']",0,[]
ABC-15-CPLX,COG0410,COG0411,COG0559,COG4177,COG0683,,,,,,,,,,,,,,,,,,,,,,,1,"['LIVJ_ECOLI', 'LIVH_ECOLI', 'LIVM_ECOLI', 'LIVF_ECOLI', 'LIVG_ECOLI', 'LIVK_ECOLI']",0,[],0,[],0,[],0,[]
ABC-304-CPLX,COG0683,COG4177,COG0559,COG0411,COG0410,,,,,,,,,,,,,,,,,,,,,,,1,"['LIVJ_ECOLI', 'LIVH_ECOLI', 'LIVM_ECOLI', 'LIVF_ECOLI', 'LIVG_ECOLI', 'LIVK_ECOLI']",0,[],0,[],0,[],0,[]
RECBCD,COG0507,COG1330,COG1074,,,,,,,,,,,,,,,,,,,,,,,,,1,"['RECC_ECOLI', 'RECB_ECOLI', 'RECD_ECOLI']",1,"['RECC_MYCTU', 'RECB_MYCTU', 'RECD_MYCTU']",0,[],1,"['RECC_BUCAI', 'RECB_BUCAI', 'RECD_BUCAI']",1,"['Q057F6_BUCCC', 'Q057F4_BUCCC', 'Q057F5_BUCCC']"
CPLX0-2425,COG0188,COG0187,,,,,,,,,,,,,,,,,,,,,,,,,,1,"['PARC_ECOLI', 'GYRA_ECOLI', 'GYRB_ECOLI', 'PARE_ECOLI']",1,"['GYRA_MYCTU', 'GYRB_MYCTU']",1,"['GYRA_MYCLE', 'GYRB_MYCLE']",1,"['GYRA_BUCAI', 'GYRB_BUCAI']",1,"['Q058G1_BUCCC', 'Q057V6_BUCCC']"
PC00027,COG0776,COG0776,,,,,,,,,,,,,,,,,,,,,,,,,,1,"['IHFB_ECOLI', 'IHFA_ECOLI', 'DBHB_ECOLI', 'DBHA_ECOLI']",1,['DBH_MYCTU'],1,['DBH_MYCLE'],1,"['IHFA_BUCAI', 'IHFB_BUCAI', 'DBH_BUCAI']",1,"['IHFB_BUCCC', 'IHFA_BUCCC']"
CPLX0-2982,COG0330,COG0330,COG0465,,,,,,,,,,,,,,,,,,,,,,,,,1,"['QMCA_ECOLI', 'HFLC_ECOLI', 'FTSH_ECOLI', 'HFLK_ECOLI']",1,"['O05769_MYCTU', 'Y1488_MYCTU', 'FTSH_MYCTU']",1,"['Q9CBM5_MYCLE', 'FTSH_MYCLE']",1,"['HFLC_BUCAI', 'FTSH_BUCAI', 'HFLK_BUCAI']",0.333333333,['Q057J6_BUCCC']
HYDROG3-CPLX,COG0650,COG0651,COG1143,COG3260,COG1142,COG3262,,,,,,,,,,,,,,,,,,,,,,1,"['NUOI_ECOLI', 'HYCB_ECOLI', 'HYCD_ECOLI', 'YGFT_ECOLI', 'HYFF_ECOLI', 'HYCC_ECOLI', 'HYFG_ECOLI', 'HYCG_ECOLI', 'HYFH_ECOLI', 'HYDN_ECOLI', 'HYFB_ECOLI', 'HYFA_ECOLI', 'HYCF_ECOLI', 'YGFS_ECOLI', 'HYCE_ECOLI', 'HYFI_ECOLI', 'YSAA_ECOLI', 'AEGA_ECOLI', 'HYFC_ECOLI']",0.833333333,"['Q10883_MYCTU', 'Q10884_MYCTU', 'Q10881_MYCTU', 'I6XUD2_MYCTU', 'NUOI_MYCTU', 'Y051_MYCTU']",0,[],0.166666667,['NUOI_BUCAI'],0.166666667,['NUOI_BUCCC']
CPLX-169,COG3730,COG3731,COG3732,,,,,,,,,,,,,,,,,,,,,,,,,1,"['PTHA_ECOLI', 'PTHB_ECOLI', 'PTHC_ECOLI']",0,[],0,[],0,[],0,[]
HSP70-CPLX,COG0484,COG0443,COG0576,,,,,,,,,,,,,,,,,,,,,,,,,1,"['HSCC_ECOLI', 'DNAK_ECOLI', 'GRPE_ECOLI', 'HSCA_ECOLI', 'DNAJ_ECOLI', 'YEGD_ECOLI']",1,"['O07239_MYCTU', 'DNAK_MYCTU', 'DNAJ1_MYCTU', 'GRPE_MYCTU', 'O53538_MYCTU', 'DNAJ2_MYCTU']",1,"['DNAK_MYCLE', 'DNAJ1_MYCLE', 'DNAJ2_MYCLE', 'GRPE_MYCLE']",1,"['HSCA_BUCAI', 'DNAJ_BUCAI', 'GRPE1_BUCAI', 'GRPE2_BUCAI', 'DNAK_BUCAI']",1,"['Q057X6_BUCCC', 'Q056V9_BUCCC', 'Q057R9_BUCCC', 'DNAJ_BUCCC']"
CPLX0-3934,COG0459,COG0234,,,,,,,,,,,,,,,,,,,,,,,,,,1,"['CH60_ECOLI', 'CH10_ECOLI']",1,"['CH601_MYCTU', 'CH602_MYCTU', 'CH10_MYCTU']",1,"['CH10_MYCLE', 'CH601_MYCLE', 'CH602_MYCLE']",1,"['CH10_BUCAI', 'CH60_BUCAI']",1,"['CH60_BUCCC', 'CH10_BUCCC']"
CPLX-165,COG3716,COG3715,COG3444,,,,,,,,,,,,,,,,,,,,,,,,,1,"['PTNC_ECOLI', 'PTPB2_ECOLI', 'PTPB1_ECOLI', 'PTND_ECOLI', 'PTNAB_ECOLI', 'PTPC1_ECOLI', 'PTPD_ECOLI']",0,[],0,[],0,[],0,[]
GLYS-CPLX,COG0751,COG0752,,,,,,,,,,,,,,,,,,,,,,,,,,1,"['SYGA_ECOLI', 'SYGB_ECOLI']",0,[],0,[],1,"['SYGA_BUCAI', 'SYGB_BUCAI']",1,"['Q057Y6_BUCCC', 'Q057Y7_BUCCC']"
PC00063,COG1349,COG1349,,,,,,,,,,,,,,,,,,,,,,,,,,1,"['ULAR_ECOLI', 'DEOR_ECOLI', 'AGAR_ECOLI', 'YCIT_ECOLI', 'YIHW_ECOLI', 'GLPR_ECOLI', 'SGCR_ECOLI', 'YGBI_ECOLI', 'YDJF_ECOLI', 'FUCR_ECOLI', 'SRLR_ECOLI']",0,[],0,[],0,[],0,[]
ABC-54-CPLX,COG2884,COG2177,,,,,,,,,,,,,,,,,,,,,,,,,,1,"['FTSE_ECOLI', 'FTSX_ECOLI']",1,"['FTSX_MYCTU', 'FTSE_MYCTU']",1,"['FTSX_MYCLE', 'Q7AQG5_MYCLE']",0,[],0,[]
CPLX-158,COG1925,COG1299,,,,,,,,,,,,,,,,,,,,,,,,,,1,"['PTHP_ECOLI', 'PTSO_ECOLI', 'PTFLB_ECOLI', 'MNGA_ECOLI', 'PTFX1_ECOLI', 'PTFAH_ECOLI', 'DHAM_ECOLI', 'PTFX2_ECOLI', 'PTFC1_ECOLI', 'PTFBC_ECOLI', 'PTFC2_ECOLI']",0,[],0,[],0.5,['PTHP_BUCAI'],0,[]
CPLX0-7451,COG1298,COG1377,COG3190,COG1338,COG1987,COG1684,COG1317,COG1157,COG2882,,,,,,,,,,,,,,,,,,,1,"['FLIQ_ECOLI', 'FLIJ_ECOLI', 'FLIH_ECOLI', 'FLIP_ECOLI', 'FLHA_ECOLI', 'FLHB_ECOLI', 'FLIR_ECOLI', 'FLIO_ECOLI', 'FLII_ECOLI']",0,[],0,[],1,"['FLHA_BUCAI', 'FLHB_BUCAI', 'FLII_BUCAI', 'FLIP_BUCAI', 'FLIP_BUCAI', 'FLIJ_BUCAI', 'FLIH_BUCAI', 'FLIR_BUCAI', 'FLIQ_BUCAI']",0.666666667,"['Q057S3_BUCCC', 'Q058C5_BUCCC', 'Q057S2_BUCCC', 'Q058C1_BUCCC', 'Q058C4_BUCCC', 'Q058C2_BUCCC']"
CPLX0-7450,COG1536,COG1868,COG1886,,,,,,,,,,,,,,,,,,,,,,,,,1,"['FLIN_ECOLI', 'FLIM_ECOLI', 'FLIG_ECOLI']",0,[],0,[],1,"['FLIN_BUCAI', 'FLIG_BUCAI', 'FLIM_BUCAI']",0.666666667,"['Q058C3_BUCCC', 'Q058C6_BUCCC']"
CPLX0-7452,COG1677,COG1766,COG1706,COG4786,COG4787,COG1558,COG1815,COG1360,COG1291,COG2063,COG1536,COG1868,COG1886,COG2882,COG1157,COG1317,COG1684,COG1987,COG1338,COG3190,COG1377,COG1298,COG1749,COG1256,COG1344,COG1344,COG1345,1,"['FLIQ_ECOLI', 'FLGK_ECOLI', 'FLIN_ECOLI', 'MOTB_ECOLI', 'FLIJ_ECOLI', 'FLIH_ECOLI', 'FLIP_ECOLI', 'FLGC_ECOLI', 'FLIC_ECOLI', 'FLGE_ECOLI', 'FLID_ECOLI', 'FLHA_ECOLI', 'FLHB_ECOLI', 'FLGL_ECOLI', 'FLGG_ECOLI', 'FLGH_ECOLI', 'FLGB_ECOLI', 'FLIR_ECOLI', 'FLIM_ECOLI', 'FLIE_ECOLI', 'FLGF_ECOLI', 'FLIG_ECOLI', 'FLIF_ECOLI', 'FLIO_ECOLI', 'FLGI_ECOLI', 'MOTA_ECOLI', 'FLII_ECOLI']",0,[],0,[],0.814814815,"['FLHA_BUCAI', 'FLGH_BUCAI', 'FLIF_BUCAI', 'FLHB_BUCAI', 'FLII_BUCAI', 'FLGB_BUCAI', 'FLIN_BUCAI', 'FLIP_BUCAI', 'FLIP_BUCAI', 'FLIJ_BUCAI', 'FLIG_BUCAI', 'FLGE_BUCAI', 'FLGK_BUCAI', 'FLGC_BUCAI', 'FLGG_BUCAI', 'FLIH_BUCAI', 'FLIR_BUCAI', 'FLGF_BUCAI', 'FLIQ_BUCAI', 'FLIM_BUCAI', 'FLGI_BUCAI', 'FLIE_BUCAI']",0.37037037,"['Q058C3_BUCCC', 'Q057S3_BUCCC', 'Q058C5_BUCCC', 'Q057L7_BUCCC', 'Q058C6_BUCCC', 'Q057S2_BUCCC', 'Q058C1_BUCCC', 'Q058C4_BUCCC', 'Q058C2_BUCCC', 'Q058C7_BUCCC']"
CPLX0-3401,COG3539,COG3539,COG2916,COG3539,,,,,,,,,,,,,,,,,,,,,,,,1,"['STPA_ECOLI', 'HNS_ECOLI', 'YCBV_ECOLI', 'FIMI_ECOLI', 'YCBU_ECOLI', 'ELFG_ECOLI']",0,[],0,[],0.25,['HNS_BUCAI'],0,[]
CPLX0-2202,COG2885,COG1729,COG0823,COG0848,COG0811,COG3064,COG3047,,,,,,,,,,,,,,,,,,,,,1,"['EXBB_ECOLI', 'OMPW_ECOLI', 'EXBD_ECOLI', 'TOLB_ECOLI', 'PAL_ECOLI', 'TOLA_ECOLI', 'OMPA_ECOLI', 'TOLR_ECOLI', 'YIAD_ECOLI', 'TOLQ_ECOLI', 'CPOB_ECOLI', 'YFIB_ECOLI']",0.142857143,['ARFA_MYCTU'],0,[],0.142857143,['OMPA_BUCAI'],0.142857143,['Q057M0_BUCCC']
CPLX0-2141,COG0841,COG0841,COG1538,,,,,,,,,,,,,,,,,,,,,,,,,1,"['TOLC_ECOLI', 'MDTF_ECOLI', 'MDTQ_ECOLI', 'CUSC_ECOLI', 'MDTB_ECOLI', 'ACRF_ECOLI', 'MDTC_ECOLI', 'ACRD_ECOLI', 'MDTP_ECOLI', 'ACRB_ECOLI']",0,[],0,[],0,[],0,[]
ENTMULTI-CPLX,COG3433,COG2977,COG1020,COG1021,,,,,,,,,,,,,,,,,,,,,,,,1,"['ENTE_ECOLI', 'ENTB_ECOLI', 'ENTF_ECOLI', 'ENTD_ECOLI']",1,"['MBTB_MYCTU', 'MBTB_MYCTU', 'PAPA1_MYCTU', 'P71716_MYCTU', 'O05819_MYCTU', 'PAPA2_MYCTU', 'PAPA3_MYCTU', 'Q10896_MYCTU', 'O33336_MYCTU', 'I6Y0L1_MYCTU']",0.5,"['Q7AQ45_MYCLE', 'Q7AQ07_MYCLE', 'Q49618_MYCLE', 'Q49934_MYCLE']",0,[],0,[]
ABC-8-CPLX,COG0444,COG4608,COG0601,COG1173,COG0747,,,,,,,,,,,,,,,,,,,,,,,1,"['DPPB_ECOLI', 'DPPA_ECOLI', 'OPPF_ECOLI', 'OPPC_ECOLI', 'NIKC_ECOLI', 'GSID_ECOLI', 'DDPD_ECOLI', 'GSIB_ECOLI', 'OPPB_ECOLI', 'DDPB_ECOLI', 'DPPD_ECOLI', 'DPPC_ECOLI', 'NIKD_ECOLI', 'NIKB_ECOLI', 'NIKA_ECOLI', 'DPPF_ECOLI', 'DDPC_ECOLI', 'OPPD_ECOLI', 'DDPA_ECOLI', 'GSIC_ECOLI']",0.6,"['I6YGV9_MYCTU', 'Y1280_MYCTU', 'LPQW_MYCTU', 'Y2585_MYCTU', 'L0TEV4_MYCTU', 'Y1282_MYCTU', 'Y1283_MYCTU']",0.6,"['Q9CC82_MYCLE', 'Y489_MYCLE', 'Q9CC80_MYCLE', 'Q9CBX3_MYCLE', 'Q9CC79_MYCLE']",0,[],0,[]
CPLX0-2021,COG0776,COG0776,,,,,,,,,,,,,,,,,,,,,,,,,,1,"['IHFB_ECOLI', 'IHFA_ECOLI', 'DBHB_ECOLI', 'DBHA_ECOLI']",1,['DBH_MYCTU'],1,['DBH_MYCLE'],1,"['IHFA_BUCAI', 'IHFB_BUCAI', 'DBH_BUCAI']",1,"['IHFB_BUCCC', 'IHFA_BUCCC']"
CPLX0-3801,COG2812,COG0470,COG1466,,,,,,,,,,,,,,,,,,,,,,,,,1,"['HOLB_ECOLI', 'HOLA_ECOLI', 'DPO3X_ECOLI']",1,"['O06363_MYCTU', 'P71730_MYCTU', 'DPO3X_MYCTU']",1,"['Q7AQM2_MYCLE', 'Q7APW2_MYCLE', 'Q7AQH2_MYCLE']",1,"['DPO3X_BUCAI', 'HOLB_BUCAI', 'HOLA_BUCAI']",0.666666667,"['Q057L1_BUCCC', 'Q057E1_BUCCC']"
RIBONUCLEOSIDE-DIP-REDUCTI-CPLX,COG0209,COG0208,,,,,,,,,,,,,,,,,,,,,,,,,,1,"['RIR3_ECOLI', 'RIR4_ECOLI', 'RIR2_ECOLI', 'RIR1_ECOLI']",1,"['RIR1_MYCTU', 'RIR2A_MYCTU', 'RIR2B_MYCTU', 'NRDZ_MYCTU', 'RIR2H_MYCTU']",1,"['RIR2_MYCLE', 'RIR1_MYCLE']",1,"['RIR1_BUCAI', 'RIR2_BUCAI']",0,[]
SUCC-DEHASE,COG1053,COG0479,COG2009,COG2142,,,,,,,,,,,,,,,,,,,,,,,,1,"['FRDA_ECOLI', 'FRDB_ECOLI', 'DHSC_ECOLI', 'DHSD_ECOLI', 'SDHB_ECOLI', 'SDHA_ECOLI']",1,"['3O1D1_MYCTU', 'O53370_MYCTU', 'O53670_MYCTU', 'FRDB_MYCTU', 'SDHC_MYCTU', 'FRDA_MYCTU', 'O53369_MYCTU', 'O53669_MYCTU', 'Q50616_MYCTU', 'O53371_MYCTU']",1,"['Q9CCM1_MYCLE', 'Q7AQF9_MYCLE', 'Q7AQF8_MYCLE', 'Q9CCM0_MYCLE']",0,[],0,[]
GCVMULTI-CPLX,COG1249,COG1003,COG0509,COG0404,,,,,,,,,,,,,,,,,,,,,,,,1,"['GSHR_ECOLI', 'DLDH_ECOLI', 'GCSP_ECOLI', 'GCSH_ECOLI', 'STHA_ECOLI', 'GCST_ECOLI', 'RCLA_ECOLI']",1,"['STHA_MYCTU', 'DLDH_MYCTU', 'LPDA_MYCTU', 'GCST_MYCTU', 'GCSH_MYCTU', 'I6Y4U4_MYCTU', 'MTR_MYCTU', 'GCSP_MYCTU']",1,"['DLDH_MYCLE', 'GCSH_MYCLE', 'GCSP_MYCLE', 'GCST_MYCLE']",0.25,['DLDH_BUCAI'],0.25,['Q057U0_BUCCC']
PYRUVATEDEH-CPLX,COG2609,COG0508,COG1249,,,,,,,,,,,,,,,,,,,,,,,,,1,"['GSHR_ECOLI', 'ODO2_ECOLI', 'DLDH_ECOLI', 'ODP1_ECOLI', 'STHA_ECOLI', 'ODP2_ECOLI', 'RCLA_ECOLI']",1,"['BKDC_MYCTU', 'STHA_MYCTU', 'KGD_MYCTU', 'Y1734_MYCTU', 'DLDH_MYCTU', 'LPDA_MYCTU', 'ODP2_MYCTU', 'I6Y4U4_MYCTU', 'MTR_MYCTU', 'ODP1_MYCTU']",1,"['DLDH_MYCLE', 'Q7AQE7_MYCLE', 'KGD_MYCLE', 'Q9CBS8_MYCLE']",1,"['DLDH_BUCAI', 'ODP1_BUCAI', 'ODP2_BUCAI', 'ODO2_BUCAI']",1,"['Q057P2_BUCCC', 'Q057U0_BUCCC', 'Q057U2_BUCCC', 'Q057U1_BUCCC']"
ACETYL-COA-CARBOXYLTRANSFER-CPLX,COG0825,COG0777,,,,,,,,,,,,,,,,,,,,,,,,,,1,"['ACCD_ECOLI', 'ACCA_ECOLI']",1,"['ACCD_MYCTU', 'ACCD_MYCTU']",0,[],0,[],0,[]
ACETYL-COA-CARBOXYLMULTI-CPLX,COG0777,COG0825,COG0439,COG0511,,,,,,,,,,,,,,,,,,,,,,,,1,"['ACCD_ECOLI', 'BCCP_ECOLI', 'ACCC_ECOLI', 'ACCA_ECOLI']",1,"['BTB7_MYCTU', 'P71980_MYCTU', 'ACCD_MYCTU', 'ACCD_MYCTU', 'P71538_MYCTU', 'P71538_MYCTU']",0.25,['BTB7_MYCLE'],0,[],0,[]
CYSSYNMULTI-CPLX,COG1045,COG0031,,,,,,,,,,,,,,,,,,,,,,,,,,1,"['WCAB_ECOLI', 'CYSK_ECOLI', 'CYSM_ECOLI', 'CYSE_ECOLI']",1,"['CYSK_MYCTU', 'CYSK2_MYCTU', 'O69652_MYCTU', 'CYSM_MYCTU', 'Y1077_MYCTU', 'CYSE_MYCTU']",1,"['Q7AQF4_MYCLE', 'Q9CB65_MYCLE', 'CYSK_MYCLE']",1,"['CYSK_BUCAI', 'CYSE_BUCAI']",0,[]
ABC-70-CPLX,COG1613,COG4208,COG0555,COG1118,,,,,,,,,,,,,,,,,,,,,,,,1,"['CYSW_ECOLI', 'SUBI_ECOLI', 'CYSA_ECOLI', 'CYST_ECOLI']",1,"['CYSA_MYCTU', 'P71746_MYCTU', 'P71745_MYCTU', 'P71744_MYCTU', 'MODC_MYCTU']",0.25,['Q9CCN3_MYCLE'],0,[],0,[]
ABC-7-CPLX,COG1118,COG4208,COG0555,COG4150,,,,,,,,,,,,,,,,,,,,,,,,1,"['CYSW_ECOLI', 'CYSP_ECOLI', 'CYSA_ECOLI', 'CYST_ECOLI']",0.75,"['CYSA_MYCTU', 'P71746_MYCTU', 'P71745_MYCTU', 'MODC_MYCTU']",0,[],0,[],0,[]
CYT-D-UBIOX-CPLX,COG1271,COG1294,,,,,,,,,,,,,,,,,,,,,,,,,,1,"['CYDB_ECOLI', 'CYDA_ECOLI', 'APPC_ECOLI', 'APPB_ECOLI']",1,"['L7N662_MYCTU', 'O06139_MYCTU']",0,[],0,[],0,[]
FORMHYDROGI-CPLX,COG1740,COG0374,COG1969,,,,,,,,,,,,,,,,,,,,,,,,,1,"['MBHT_ECOLI', 'MBHS_ECOLI', 'MBHL_ECOLI', 'CYBH_ECOLI', 'MBHM_ECOLI']",0,[],0,[],0,[],0,[]
PC00084,COG2197,COG2771,,,,,,,,,,,,,,,,,,,,,,,,,,1,"['RCSA_ECOLI', 'CSGD_ECOLI', 'PDEL_ECOLI', 'FIMZ_ECOLI', 'BGLJ_ECOLI', 'DCTR_ECOLI', 'SDIA_ECOLI', 'NARP_ECOLI', 'YEII_ECOLI', 'UVRY_ECOLI', 'RCSB_ECOLI', 'UHPA_ECOLI', 'NARL_ECOLI']",1,"['O53720_MYCTU', 'O53646_MYCTU', 'Y890_MYCTU', 'O33269_MYCTU', 'NARL_MYCTU', 'O53213_MYCTU', 'DEVR_MYCTU', 'Q11028_MYCTU']",0.5,['Q9CBP3_MYCLE'],0,[],0,[]
CPLX0-1163,COG1220,COG5405,,,,,,,,,,,,,,,,,,,,,,,,,,1,"['HSLU_ECOLI', 'HSLV_ECOLI']",0,[],0,[],1,"['HSLU_BUCAI', 'HSLV_BUCAI']",1,"['HSLV_BUCCC', 'HSLU_BUCCC']"
CPLX0-2201,COG3064,COG0811,COG0848,COG0823,COG1729,COG2885,,,,,,,,,,,,,,,,,,,,,,1,"['EXBB_ECOLI', 'EXBD_ECOLI', 'TOLB_ECOLI', 'PAL_ECOLI', 'TOLA_ECOLI', 'OMPA_ECOLI', 'TOLR_ECOLI', 'YIAD_ECOLI', 'TOLQ_ECOLI', 'CPOB_ECOLI', 'YFIB_ECOLI']",0.166666667,['ARFA_MYCTU'],0,[],0.166666667,['OMPA_BUCAI'],0.166666667,['Q057M0_BUCCC']
CPLX0-1242,COG2337,COG2336,,,,,,,,,,,,,,,,,,,,,,,,,,1,"['CHPB_ECOLI', 'MAZE_ECOLI', 'MAZF_ECOLI']",0.5,"['MAZF3_MYCTU', 'MAZF5_MYCTU', 'MAZF7_MYCTU', 'MAZF9_MYCTU', 'MAZF1_MYCTU', 'MAZF4_MYCTU', 'MAZF6_MYCTU', 'MAZF2_MYCTU']",0,[],0,[],0,[]
NITRATREDUCTZ-CPLX,COG1140,COG5013,COG2181,,,,,,,,,,,,,,,,,,,,,,,,,1,"['NARV_ECOLI', 'NARY_ECOLI', 'NARI_ECOLI', 'NARG_ECOLI', 'NARH_ECOLI', 'NARZ_ECOLI']",1,"['NARX_MYCTU', 'O06562_MYCTU', 'O06560_MYCTU', 'NARG_MYCTU']",0,[],0,[],0,[]
FHLMULTI-CPLX,COG0243,COG3262,COG1142,COG3260,COG1143,COG0651,COG0650,,,,,,,,,,,,,,,,,,,,,1,"['DMSA_ECOLI', 'NUOI_ECOLI', 'TORA_ECOLI', 'HYCB_ECOLI', 'HYCD_ECOLI', 'YGFT_ECOLI', 'HYFF_ECOLI', 'TORZ_ECOLI', 'HYCC_ECOLI', 'HYFG_ECOLI', 'HYCG_ECOLI', 'BISC_ECOLI', 'HYFH_ECOLI', 'HYDN_ECOLI', 'FDHF_ECOLI', 'HYFB_ECOLI', 'YNFE_ECOLI', 'HYFA_ECOLI', 'HYCF_ECOLI', 'YGFS_ECOLI', 'FDOG_ECOLI', 'HYCE_ECOLI', 'FDNG_ECOLI', 'HYFI_ECOLI', 'YSAA_ECOLI', 'AEGA_ECOLI', 'NAPA_ECOLI', 'HYFC_ECOLI', 'YDEP_ECOLI']",0.857142857,"['Q10883_MYCTU', 'Y2900_MYCTU', 'Q10884_MYCTU', 'Q10881_MYCTU', 'I6XUD2_MYCTU', 'L0T2Z1_MYCTU', 'O06817_MYCTU', 'NUOI_MYCTU', 'Y051_MYCTU']",0,[],0.142857143,['NUOI_BUCAI'],0.142857143,['NUOI_BUCCC']
ABC-19-CPLX,COG4148,COG4149,COG0725,,,,,,,,,,,,,,,,,,,,,,,,,1,"['MODA_ECOLI', 'MODC_ECOLI', 'MODB_ECOLI']",0.666666667,"['MODA_MYCTU', 'MODB_MYCTU']",0,[],0,[],0,[]
NITRATREDUCTA-CPLX,COG5013,COG1140,COG2181,,,,,,,,,,,,,,,,,,,,,,,,,1,"['NARV_ECOLI', 'NARY_ECOLI', 'NARI_ECOLI', 'NARG_ECOLI', 'NARH_ECOLI', 'NARZ_ECOLI']",1,"['NARX_MYCTU', 'O06562_MYCTU', 'O06560_MYCTU', 'NARG_MYCTU']",0,[],0,[],0,[]
CPLX0-2502,COG1977,COG0314,,,,,,,,,,,,,,,,,,,,,,,,,,1,"['MOAD_ECOLI', 'MOAE_ECOLI']",1,"['MOAE2_MYCTU', 'MOAD_MYCTU', 'I6XWG2_MYCTU', 'MOAE1_MYCTU', 'CYSO_MYCTU', 'Q6MWY3_MYCTU', 'Q6MWY3_MYCTU']",0,[],0,[],0,[]
TAR-CPLX,COG0643,COG0835,COG0840,,,,,,,,,,,,,,,,,,,,,,,,,1,"['CHEA_ECOLI', 'MCP3_ECOLI', 'MCP2_ECOLI', 'MCP1_ECOLI', 'AER_ECOLI', 'CHEW_ECOLI', 'MCP4_ECOLI']",0,[],0,[],0,[],0,[]
TSR-CPLX,COG0835,COG0643,COG0840,,,,,,,,,,,,,,,,,,,,,,,,,1,"['CHEA_ECOLI', 'MCP3_ECOLI', 'MCP2_ECOLI', 'MCP1_ECOLI', 'AER_ECOLI', 'CHEW_ECOLI', 'MCP4_ECOLI']",0,[],0,[],0,[],0,[]
CPLX-155,COG1447,COG1455,COG1440,,,,,,,,,,,,,,,,,,,,,,,,,1,"['PTQC_ECOLI', 'PTQA_ECOLI', 'PTQB_ECOLI']",0,[],0,[],0,[],0,[]
CPLX0-1944,COG4592,COG4779,COG0609,COG1120,COG4771,COG0810,COG0811,COG0848,,,,,,,,,,,,,,,,,,,,1,"['EXBB_ECOLI', 'TONB_ECOLI', 'CIRA_ECOLI', 'EXBD_ECOLI', 'FECE_ECOLI', 'FEPC_ECOLI', 'FEPB_ECOLI', 'FHUC_ECOLI', 'FECD_ECOLI', 'FEPD_ECOLI', 'FECC_ECOLI', 'TOLR_ECOLI', 'FHUB_ECOLI', 'FEPA_ECOLI', 'TOLQ_ECOLI', 'FEPG_ECOLI']",0,[],0,[],0,[],0,[]
APP-UBIOX-CPLX,COG1271,COG1294,,,,,,,,,,,,,,,,,,,,,,,,,,1,"['CYDB_ECOLI', 'CYDA_ECOLI', 'APPC_ECOLI', 'APPB_ECOLI']",1,"['L7N662_MYCTU', 'O06139_MYCTU']",0,[],0,[],0,[]
CARBPSYN-CPLX,COG0458,COG0505,,,,,,,,,,,,,,,,,,,,,,,,,,1,"['CARB_ECOLI', 'CARA_ECOLI']",1,"['CARB_MYCTU', 'CARA_MYCTU']",1,"['CARA_MYCLE', 'CARB_MYCLE']",1,"['CARA_BUCAI', 'CARB_BUCAI']",1,"['Q057Y2_BUCCC', 'Q057Y1_BUCCC']"
ACETOLACTSYNIII-CPLX,COG0028,COG0440,,,,,,,,,,,,,,,,,,,,,,,,,,1,"['ILVH_ECOLI', 'ILVI_ECOLI', 'POXB_ECOLI', 'ILVN_ECOLI', 'ILVB_ECOLI', 'OXC_ECOLI']",1,"['ILVH_MYCTU', 'ILVG_MYCTU', 'ILVB1_MYCTU', 'O53639_MYCTU', 'ILVX_MYCTU', 'ILVB2_MYCTU']",1,"['Q7APZ1_MYCLE', 'ILVB_MYCLE', 'ILVH_MYCLE', 'Q49865_MYCLE']",1,"['ILVI_BUCAI', 'ILVH_BUCAI']",1,"['Q057T4_BUCCC', 'Q057T5_BUCCC']"
CPLX-63,COG0243,COG3005,,,,,,,,,,,,,,,,,,,,,,,,,,1,"['DMSA_ECOLI', 'TORA_ECOLI', 'TORZ_ECOLI', 'NAPC_ECOLI', 'BISC_ECOLI', 'TORC_ECOLI', 'FDHF_ECOLI', 'YNFE_ECOLI', 'FDOG_ECOLI', 'TORY_ECOLI', 'FDNG_ECOLI', 'NAPA_ECOLI', 'YDEP_ECOLI']",0.5,"['Y2900_MYCTU', 'L0T2Z1_MYCTU', 'O06817_MYCTU']",0,[],0,[],0,[]
CPLX0-2221,COG4206,COG3203,COG2885,COG1729,COG0823,COG0848,COG0811,COG3064,,,,,,,,,,,,,,,,,,,,1,"['EXBB_ECOLI', 'PHOE_ECOLI', 'EXBD_ECOLI', 'TOLB_ECOLI', 'PAL_ECOLI', 'TOLA_ECOLI', 'OMPF_ECOLI', 'OMPA_ECOLI', 'TOLR_ECOLI', 'OMPN_ECOLI', 'YIAD_ECOLI', 'OMPC_ECOLI', 'TOLQ_ECOLI', 'BTUB_ECOLI', 'CPOB_ECOLI', 'YFIB_ECOLI']",0.125,['ARFA_MYCTU'],0,[],0.25,"['OMPA_BUCAI', 'PORL_BUCAI']",0.125,['Q057M0_BUCCC']
CPLX0-1924,COG4206,COG0848,COG0811,COG0810,,,,,,,,,,,,,,,,,,,,,,,,1,"['EXBB_ECOLI', 'TONB_ECOLI', 'EXBD_ECOLI', 'TOLR_ECOLI', 'TOLQ_ECOLI', 'BTUB_ECOLI']",0,[],0,[],0,[],0,[]
ABC-2-CPLX,COG1129,COG1172,COG1879,,,,,,,,,,,,,,,,,,,,,,,,,1,"['ARAH_ECOLI', 'RBSB_ECOLI', 'TORT_ECOLI', 'RBSA_ECOLI', 'ARAF_ECOLI', 'LSRC_ECOLI', 'YTFR_ECOLI', 'YPHD_ECOLI', 'MGLA_ECOLI', 'RBSC_ECOLI', 'XYLG_ECOLI', 'ALSB_ECOLI', 'ALSC_ECOLI', 'ALSA_ECOLI', 'YPHF_ECOLI', 'YPHE_ECOLI', 'ARAG_ECOLI', 'DGAL_ECOLI', 'LSRA_ECOLI']",0,[],0.666666667,"['Q49738_MYCLE', 'Q9CCU8_MYCLE']",0,[],0,[]
SEC-SECRETION-CPLX,COG1952,COG0653,COG0201,COG1314,COG0690,COG0342,COG0341,COG1862,COG0706,,,,,,,,,,,,,,,,,,,1,"['SECG_ECOLI', 'SECY_ECOLI', 'SECD_ECOLI', 'SECB_ECOLI', 'SECA_ECOLI', 'SECF_ECOLI', 'YAJC_ECOLI', 'SECE_ECOLI', 'YIDC_ECOLI']",0.777777778,"['YIDC_MYCTU', 'YAJC_MYCTU', 'SECA1_MYCTU', 'SECG_MYCTU', 'SECF_MYCTU', 'SECA2_MYCTU', 'SECY_MYCTU', 'SECD_MYCTU']",0.888888889,"['SECE_MYCLE', 'YAJC_MYCLE', 'SECF_MYCLE', 'SECG_MYCLE', 'YIDC_MYCLE', 'SECA1_MYCLE', 'SECY_MYCLE', 'SECA2_MYCLE', 'SECD_MYCLE']",0.777777778,"['SECE_BUCAI', 'SECB_BUCAI', 'YIDC_BUCAI', 'SECY_BUCAI', 'YAJC_BUCAI', 'SECG_BUCAI', 'SECA_BUCAI']",0.333333333,"['SECA_BUCCC', 'Q057C4_BUCCC', 'Q058F6_BUCCC']"
ANTHRANSYN-CPLX,COG0147,COG0547,,,,,,,,,,,,,,,,,,,,,,,,,,1,"['TRPE_ECOLI', 'YBIB_ECOLI', 'PABB_ECOLI', 'TRPGD_ECOLI']",1,"['TRPE_MYCTU', 'TRPD_MYCTU', 'O05591_MYCTU', 'MBTI_MYCTU']",1,"['Q7AQL1_MYCLE', 'TRPE_MYCLE', 'TRPD_MYCLE']",0.5,['TRPD_BUCAI'],0,[]
MUTHLS-CPLX,COG0323,COG0249,COG3066,,,,,,,,,,,,,,,,,,,,,,,,,1,"['MUTS_ECOLI', 'MUTL_ECOLI', 'MUTH_ECOLI']",0,[],0,[],0.666666667,"['MUTS_BUCAI', 'MUTL_BUCAI']",0,[]
ABC-21-CPLX,COG1131,COG0842,,,,,,,,,,,,,,,,,,,,,,,,,,1,"['RBBA_ECOLI', 'RBBA_ECOLI', 'YHHJ_ECOLI', 'YADH_ECOLI', 'YBHS_ECOLI', 'YBHF_ECOLI', 'YBHR_ECOLI', 'YADG_ECOLI']",1,"['O33188_MYCTU', 'O33189_MYCTU', 'DRRC_MYCTU', 'FLQE1_MYCTU', 'O86311_MYCTU', 'DRRB_MYCTU', 'O86349_MYCTU', 'O53149_MYCTU', 'DRRA_MYCTU', 'ABC1_MYCTU', 'ABC1_MYCTU']",1,"['Q49938_MYCLE', 'Q49935_MYCLE', 'Q7AQH8_MYCLE', 'Q7AQH9_MYCLE', 'Q9CB71_MYCLE']",0,[],0,[]
PYRNUTRANSHYDROGEN-CPLX,COG1282,COG3288,,,,,,,,,,,,,,,,,,,,,,,,,,1,"['PNTA_ECOLI', 'PNTB_ECOLI']",1,"['P96833_MYCTU', 'P96832_MYCTU', 'P96834_MYCTU']",1,"['Q9CCZ7_MYCLE', 'Q9CCZ8_MYCLE', 'Q9CCZ6_MYCLE']",0,[],0,[]
TMAOREDUCTI-CPLX,COG3005,COG0243,,,,,,,,,,,,,,,,,,,,,,,,,,1,"['DMSA_ECOLI', 'TORA_ECOLI', 'TORZ_ECOLI', 'NAPC_ECOLI', 'BISC_ECOLI', 'TORC_ECOLI', 'FDHF_ECOLI', 'YNFE_ECOLI', 'FDOG_ECOLI', 'TORY_ECOLI', 'FDNG_ECOLI', 'NAPA_ECOLI', 'YDEP_ECOLI']",0.5,"['Y2900_MYCTU', 'L0T2Z1_MYCTU', 'O06817_MYCTU']",0,[],0,[],0,[]
CPLX0-3361,COG1905,COG1894,COG1034,,,,,,,,,,,,,,,,,,,,,,,,,1,"['NUOG_ECOLI', 'NUOF_ECOLI', 'NUOE_ECOLI']",1,"['NUOG_MYCTU', 'NUOF_MYCTU', 'NUOE_MYCTU']",0,[],1,"['NUOE_BUCAI', 'NUOF_BUCAI', 'NUOG_BUCAI']",1,"['Q057X2_BUCCC', 'Q057X1_BUCCC', 'Q057X0_BUCCC']"
GLUTAMIDOTRANS-CPLX,COG0118,COG0107,,,,,,,,,,,,,,,,,,,,,,,,,,1,"['HIS5_ECOLI', 'HIS6_ECOLI']",1,"['HIS5_MYCTU', 'HIS6_MYCTU']",1,"['HIS5_MYCLE', 'HIS6_MYCLE']",1,"['HIS6_BUCAI', 'HIS5_BUCAI']",1,"['Q058A2_BUCCC', 'Q058A4_BUCCC']"
ABC-24-CPLX,COG3842,COG1176,COG1177,COG0687,,,,,,,,,,,,,,,,,,,,,,,,1,"['YDCU_ECOLI', 'POTG_ECOLI', 'POTF_ECOLI', 'YDCT_ECOLI', 'POTA_ECOLI', 'FBPC_ECOLI', 'POTH_ECOLI', 'POTD_ECOLI', 'POTC_ECOLI', 'POTI_ECOLI', 'POTB_ECOLI']",0,[],0,[],0,[],0,[]
ABC-14-CPLX,COG4598,COG4160,COG4215,COG0834,,,,,,,,,,,,,,,,,,,,,,,,1,"['GLNH_ECOLI', 'ARGT_ECOLI', 'EVGS_ECOLI', 'HISM_ECOLI', 'HISJ_ECOLI', 'FLIY_ECOLI', 'ARTI_ECOLI', 'ARTJ_ECOLI', 'HISQ_ECOLI', 'GLTI_ECOLI', 'ARTM_ECOLI', 'ARTQ_ECOLI', 'HISP_ECOLI']",0.25,['P96257_MYCTU'],0.25,['Q9CCX0_MYCLE'],0,[],0,[]
ABC-61-CPLX,COG3127,COG4181,,,,,,,,,,,,,,,,,,,,,,,,,,1,"['YBBA_ECOLI', 'YBBP_ECOLI']",0,[],0,[],0,[],0,[]
ABC-3-CPLX,COG4215,COG4598,COG4160,COG0834,,,,,,,,,,,,,,,,,,,,,,,,1,"['GLNH_ECOLI', 'ARGT_ECOLI', 'EVGS_ECOLI', 'HISM_ECOLI', 'HISJ_ECOLI', 'FLIY_ECOLI', 'ARTI_ECOLI', 'ARTJ_ECOLI', 'HISQ_ECOLI', 'GLTI_ECOLI', 'ARTM_ECOLI', 'ARTQ_ECOLI', 'HISP_ECOLI']",0.25,['P96257_MYCTU'],0.25,['Q9CCX0_MYCLE'],0,[],0,[]
ABC-52-CPLX,COG1126,COG0765,COG4597,COG0834,,,,,,,,,,,,,,,,,,,,,,,,1,"['GLNH_ECOLI', 'ARGT_ECOLI', 'GLTK_ECOLI', 'EVGS_ECOLI', 'YECS_ECOLI', 'YECC_ECOLI', 'HISJ_ECOLI', 'YHDX_ECOLI', 'GLTJ_ECOLI', 'YHDZ_ECOLI', 'FLIY_ECOLI', 'GLNP_ECOLI', 'ARTI_ECOLI', 'ARTJ_ECOLI', 'GLNQ_ECOLI', 'GLTI_ECOLI', 'YHDY_ECOLI', 'GLTL_ECOLI']",0.25,['P96257_MYCTU'],0.25,['Q9CCX0_MYCLE'],0,[],0,[]
NITRITREDUCT-CPLX,COG2146,COG1251,,,,,,,,,,,,,,,,,,,,,,,,,,1,"['NIRB_ECOLI', 'NIRD_ECOLI', 'NORW_ECOLI', 'HCAC_ECOLI']",1,"['O53674_MYCTU', 'O53675_MYCTU']",0,[],0,[],0,[]
TRANS-CPLX-203,COG1638,COG1593,COG3090,,,,,,,,,,,,,,,,,,,,,,,,,1,"['YIAO_ECOLI', 'YIAM_ECOLI', 'YIAN_ECOLI']",0,[],0,[],0,[],0,[]
DIMESULFREDUCT-CPLX,COG0243,COG0437,COG3302,,,,,,,,,,,,,,,,,,,,,,,,,1,"['DMSA_ECOLI', 'TORA_ECOLI', 'TORZ_ECOLI', 'BISC_ECOLI', 'FDOH_ECOLI', 'FDHF_ECOLI', 'YNFE_ECOLI', 'YNFG_ECOLI', 'YNFH_ECOLI', 'NRFC_ECOLI', 'FDOG_ECOLI', 'FDNG_ECOLI', 'HYBA_ECOLI', 'YDHX_ECOLI', 'DMSC_ECOLI', 'YDHY_ECOLI', 'NAPA_ECOLI', 'DMSB_ECOLI', 'YDEP_ECOLI', 'FDNH_ECOLI']",0.333333333,"['Y2900_MYCTU', 'L0T2Z1_MYCTU', 'O06817_MYCTU']",0,[],0,[],0,[]
ABC-55-CPLX,COG0395,COG1175,COG1653,,,,,,,,,,,,,,,,,,,,,,,,,1,"['UGPA_ECOLI', 'YCJN_ECOLI', 'UGPB_ECOLI', 'YCJO_ECOLI', 'YCJP_ECOLI', 'MALF_ECOLI', 'UGPE_ECOLI']",1,"['P71896_MYCTU', 'LPQY_MYCTU', 'P71619_MYCTU', 'I6Y1U3_MYCTU', 'I6XFF3_MYCTU', 'O53484_MYCTU', 'O53485_MYCTU', 'P71894_MYCTU', 'O53483_MYCTU', 'L7N652_MYCTU', 'SUGA_MYCTU', 'SUGB_MYCTU']",1,"['Q7AQ52_MYCLE', 'Q9CBN7_MYCLE', 'Q9CBN8_MYCLE', 'Q9CCA2_MYCLE', 'Q9CBN6_MYCLE', 'Q9CCA3_MYCLE', 'Q7AQ51_MYCLE', 'Q7AQ53_MYCLE']",0,[],0,[]
ACETOLACTSYNI-CPLX,COG0028,COG0440,,,,,,,,,,,,,,,,,,,,,,,,,,1,"['ILVH_ECOLI', 'ILVI_ECOLI', 'POXB_ECOLI', 'ILVN_ECOLI', 'ILVB_ECOLI', 'OXC_ECOLI']",1,"['ILVH_MYCTU', 'ILVG_MYCTU', 'ILVB1_MYCTU', 'O53639_MYCTU', 'ILVX_MYCTU', 'ILVB2_MYCTU']",1,"['Q7APZ1_MYCLE', 'ILVB_MYCLE', 'ILVH_MYCLE', 'Q49865_MYCLE']",1,"['ILVI_BUCAI', 'ILVH_BUCAI']",1,"['Q057T4_BUCCC', 'Q057T5_BUCCC']"
ABC-4-CPLX,COG4161,COG4160,COG4215,COG0834,COG0834,,,,,,,,,,,,,,,,,,,,,,,1,"['GLNH_ECOLI', 'ARGT_ECOLI', 'EVGS_ECOLI', 'HISM_ECOLI', 'HISJ_ECOLI', 'FLIY_ECOLI', 'ARTI_ECOLI', 'ARTJ_ECOLI', 'HISQ_ECOLI', 'GLTI_ECOLI', 'ARTM_ECOLI', 'ARTQ_ECOLI', 'ARTP_ECOLI']",0.4,['P96257_MYCTU'],0.4,['Q9CCX0_MYCLE'],0,[],0,[]
ASPCARBTRANS-CPLX,COG0540,COG1781,,,,,,,,,,,,,,,,,,,,,,,,,,1,"['PYRI_ECOLI', 'PYRB_ECOLI']",0.5,['PYRB_MYCTU'],0.5,['PYRB_MYCLE'],1,"['PYRB_BUCAI', 'PYRI_BUCAI']",0,[]
CPLX0-7910,COG2927,COG3050,,,,,,,,,,,,,,,,,,,,,,,,,,1,"['HOLC_ECOLI', 'HOLD_ECOLI']",0,[],0,[],0,[],0,[]
CPLX0-7958,COG4778,COG3625,COG3624,COG3626,,,,,,,,,,,,,,,,,,,,,,,,1,"['PHNI_ECOLI', 'PHNL_ECOLI', 'PHNG_ECOLI', 'PHNH_ECOLI']",0,[],0,[],0,[],0,[]
ABC-60-CPLX,COG1172,COG1879,COG1129,,,,,,,,,,,,,,,,,,,,,,,,,1,"['ARAH_ECOLI', 'RBSB_ECOLI', 'TORT_ECOLI', 'RBSA_ECOLI', 'ARAF_ECOLI', 'LSRC_ECOLI', 'YTFR_ECOLI', 'YPHD_ECOLI', 'MGLA_ECOLI', 'RBSC_ECOLI', 'XYLG_ECOLI', 'ALSB_ECOLI', 'ALSC_ECOLI', 'ALSA_ECOLI', 'YPHF_ECOLI', 'YPHE_ECOLI', 'ARAG_ECOLI', 'DGAL_ECOLI', 'LSRA_ECOLI']",0,[],0.666666667,"['Q49738_MYCLE', 'Q9CCU8_MYCLE']",0,[],0,[]
CPLX-3944,COG4772,COG3712,,,,,,,,,,,,,,,,,,,,,,,,,,1,"['FECR_ECOLI', 'FECA_ECOLI']",0,[],0,[],0,[],0,[]
SUCCCOASYN,COG0074,COG0045,,,,,,,,,,,,,,,,,,,,,,,,,,1,"['SUCC_ECOLI', 'FDRA_ECOLI', 'SUCD_ECOLI', 'YAHF_ECOLI']",1,"['SUCD_MYCTU', 'SUCC_MYCTU']",1,"['Q7AQN6_MYCLE', 'SUCC_MYCLE']",0,[],0,[]
ABC-10-CPLX,COG1120,COG0609,COG4779,COG4592,,,,,,,,,,,,,,,,,,,,,,,,1,"['FECE_ECOLI', 'FEPC_ECOLI', 'FEPB_ECOLI', 'FHUC_ECOLI', 'FECD_ECOLI', 'FEPD_ECOLI', 'FECC_ECOLI', 'FHUB_ECOLI', 'FEPG_ECOLI']",0,[],0,[],0,[],0,[]
CPLX0-7529,COG1596,COG0489,,,,,,,,,,,,,,,,,,,,,,,,,,1,"['GFCE_ECOLI', 'APBC_ECOLI', 'WZC_ECOLI', 'ETK_ECOLI', 'WZA_ECOLI']",0.5,['APBC_MYCTU'],0.5,['APBC_MYCLE'],0,[],0,[]
ABC-48-CPLX,COG4135,COG4136,,,,,,,,,,,,,,,,,,,,,,,,,,1,"['YNJC_ECOLI', 'YNJD_ECOLI']",0,[],0,[],0,[],0,[]
RUVABC-CPLX,COG0817,COG2255,COG0632,,,,,,,,,,,,,,,,,,,,,,,,,1,"['RUVB_ECOLI', 'RUVA_ECOLI', 'RUVC_ECOLI']",1,"['RUVC_MYCTU', 'RUVB_MYCTU', 'RUVA_MYCTU']",1,"['RUVB_MYCLE', 'RUVC_MYCLE', 'RUVA_MYCLE']",0,[],0,[]
SULFITE-REDUCT-CPLX,COG0369,COG0155,,,,,,,,,,,,,,,,,,,,,,,,,,1,"['CYSI_ECOLI', 'CYSJ_ECOLI']",0.5,"['SIR_MYCTU', 'Q10675_MYCTU']",0,[],1,"['CYSJ_BUCAI', 'CYSI_BUCAI']",0,[]
CYT-O-UBIOX-CPLX,COG3125,COG1622,COG0843,COG1845,,,,,,,,,,,,,,,,,,,,,,,,1,"['CYOD_ECOLI', 'CYOA_ECOLI', 'CYOC_ECOLI', 'CYOB_ECOLI']",0.75,"['COX1_MYCTU', 'COX3_MYCTU', 'COX2_MYCTU']",0.75,"['COX1_MYCLE', 'COX3_MYCLE', 'COX2_MYCLE']",1,"['CYOB_BUCAI', 'CYOC_BUCAI', 'CYOD_BUCAI', 'CYOA_BUCAI']",0.75,"['Q057F0_BUCCC', 'Q057E8_BUCCC', 'Q057E9_BUCCC']"
CPLX0-7428,COG2895,COG0175,,,,,,,,,,,,,,,,,,,,,,,,,,1,"['CYSN_ECOLI', 'CYSH_ECOLI', 'CYSD_ECOLI']",1,"['CYSH_MYCTU', 'CYSD_MYCTU', 'CYSNC_MYCTU']",0,[],1,"['CYSH_BUCAI', 'CYSN_BUCAI', 'CYSD_BUCAI']",0,[]
ABC-51-CPLX,COG0687,COG3842,COG1177,COG1176,,,,,,,,,,,,,,,,,,,,,,,,1,"['YDCU_ECOLI', 'POTG_ECOLI', 'POTF_ECOLI', 'YDCT_ECOLI', 'POTA_ECOLI', 'FBPC_ECOLI', 'POTH_ECOLI', 'POTD_ECOLI', 'POTC_ECOLI', 'POTI_ECOLI', 'POTB_ECOLI']",0,[],0,[],0,[],0,[]
PABSYNMULTI-CPLX,COG0512,COG0147,COG0115,,,,,,,,,,,,,,,,,,,,,,,,,1,"['PABA_ECOLI', 'TRPE_ECOLI', 'ILVE_ECOLI', 'PABB_ECOLI', 'PABC_ECOLI', 'TRPGD_ECOLI']",1,"['TRPE_MYCTU', 'O05591_MYCTU', 'ILVE_MYCTU', 'Q79FW0_MYCTU', 'MBTI_MYCTU', 'TRPG_MYCTU']",1,"['Q7AQP6_MYCLE', 'Q7AQL1_MYCLE', 'ILVE_MYCLE', 'TRPE_MYCLE']",0,[],0,[]
ACETOACETYL-COA-TRANSFER-CPLX,COG2057,COG1788,,,,,,,,,,,,,,,,,,,,,,,,,,1,"['ATOD_ECOLI', 'ATOA_ECOLI']",1,"['SCOB_MYCTU', 'Y3552_MYCTU', 'SCOA_MYCTU', 'Y3551_MYCTU']",0,[],0,[],0,[]
CPLX0-3781,COG4115,COG2161,,,,,,,,,,,,,,,,,,,,,,,,,,1,"['YOEB_ECOLI', 'YAFN_ECOLI', 'YEFM_ECOLI']",1,"['RELF_MYCTU', 'RELK_MYCTU', 'RELB_MYCTU', 'Y268_MYCTU', 'RELJ_MYCTU']",0,[],0,[],0,[]
ABC-57-CPLX,COG0842,COG0842,COG1131,,,,,,,,,,,,,,,,,,,,,,,,,1,"['RBBA_ECOLI', 'RBBA_ECOLI', 'YHHJ_ECOLI', 'YADH_ECOLI', 'YBHS_ECOLI', 'YBHF_ECOLI', 'YBHR_ECOLI', 'YADG_ECOLI']",1,"['O33188_MYCTU', 'O33189_MYCTU', 'DRRC_MYCTU', 'FLQE1_MYCTU', 'O86311_MYCTU', 'DRRB_MYCTU', 'O86349_MYCTU', 'O53149_MYCTU', 'DRRA_MYCTU', 'ABC1_MYCTU', 'ABC1_MYCTU']",1,"['Q49938_MYCLE', 'Q49935_MYCLE', 'Q7AQH8_MYCLE', 'Q7AQH9_MYCLE', 'Q9CB71_MYCLE']",0,[],0,[]
CPLX0-7935,COG4107,COG3627,COG3626,COG3625,COG3624,,,,,,,,,,,,,,,,,,,,,,,1,"['PHNI_ECOLI', 'PHNG_ECOLI', 'PHNK_ECOLI', 'PHNJ_ECOLI', 'PHNH_ECOLI']",0,[],0,[],0,[],0,[]
ETHAMLY-CPLX,COG4303,COG4302,,,,,,,,,,,,,,,,,,,,,,,,,,1,"['EUTC_ECOLI', 'EUTB_ECOLI']",0,[],0,[],0,[],0,[]
FORMATEDEHYDROGO-CPLX,COG0243,COG0437,COG2864,,,,,,,,,,,,,,,,,,,,,,,,,1,"['DMSA_ECOLI', 'TORA_ECOLI', 'TORZ_ECOLI', 'BISC_ECOLI', 'FDOH_ECOLI', 'FDNI_ECOLI', 'FDHF_ECOLI', 'YNFE_ECOLI', 'YNFG_ECOLI', 'NRFC_ECOLI', 'FDOG_ECOLI', 'FDNG_ECOLI', 'HYBA_ECOLI', 'FDOI_ECOLI', 'YDHX_ECOLI', 'YDHY_ECOLI', 'NAPA_ECOLI', 'DMSB_ECOLI', 'YDEP_ECOLI', 'FDNH_ECOLI']",0.333333333,"['Y2900_MYCTU', 'L0T2Z1_MYCTU', 'O06817_MYCTU']",0,[],0,[],0,[]
ABC-22-CPLX,COG1173,COG0444,COG4608,COG0601,COG4166,,,,,,,,,,,,,,,,,,,,,,,1,"['DPPB_ECOLI', 'OPPF_ECOLI', 'OPPC_ECOLI', 'MPPA_ECOLI', 'NIKC_ECOLI', 'GSID_ECOLI', 'DDPD_ECOLI', 'OPPB_ECOLI', 'YGIS_ECOLI', 'SAPA_ECOLI', 'DDPB_ECOLI', 'DPPD_ECOLI', 'DPPC_ECOLI', 'NIKD_ECOLI', 'NIKB_ECOLI', 'YEJA_ECOLI', 'DPPF_ECOLI', 'OPPA_ECOLI', 'DDPC_ECOLI', 'OPPD_ECOLI', 'GSIC_ECOLI']",0.6,"['I6YGV9_MYCTU', 'I6X811_MYCTU', 'L0TEV4_MYCTU', 'Y1282_MYCTU', 'Y1283_MYCTU']",0.4,"['Q9CC80_MYCLE', 'Q9CC79_MYCLE']",0,[],0,[]
ABC-41-CPLX,COG4172,COG4174,COG4239,COG4166,,,,,,,,,,,,,,,,,,,,,,,,1,"['YEJF_ECOLI', 'MPPA_ECOLI', 'YGIS_ECOLI', 'SAPA_ECOLI', 'YEJB_ECOLI', 'YEJE_ECOLI', 'YEJA_ECOLI', 'OPPA_ECOLI']",0.25,['I6X811_MYCTU'],0,[],0,[],0,[]
CPLX0-231,COG3775,COG3414,b1355,,,,,,,,,,,,,,,,,,,,,,,,,1,"['SGCC_ECOLI', 'SGCB_ECOLI', 'ULAB_ECOLI', 'PTKB_ECOLI', 'PTKC_ECOLI']",0,[],0,[],0,[],0,[]
CPLX0-3937,COG3250,COG2731,,,,,,,,,,,,,,,,,,,,,,,,,,1,"['YHCH_ECOLI', 'EBGC_ECOLI', 'BGLR_ECOLI', 'BGAL_ECOLI', 'TABA_ECOLI', 'YIAL_ECOLI', 'BGA2_ECOLI']",0,[],0,[],0,[],0,[]
ABC-25-CPLX,COG3842,COG1176,COG1177,COG0687,,,,,,,,,,,,,,,,,,,,,,,,1,"['YDCU_ECOLI', 'POTG_ECOLI', 'POTF_ECOLI', 'YDCT_ECOLI', 'POTA_ECOLI', 'FBPC_ECOLI', 'POTH_ECOLI', 'POTD_ECOLI', 'POTC_ECOLI', 'POTI_ECOLI', 'POTB_ECOLI']",0,[],0,[],0,[],0,[]
SULFATE-ADENYLYLTRANS-CPLX,COG0175,COG2895,,,,,,,,,,,,,,,,,,,,,,,,,,1,"['CYSN_ECOLI', 'CYSH_ECOLI', 'CYSD_ECOLI']",1,"['CYSH_MYCTU', 'CYSD_MYCTU', 'CYSNC_MYCTU']",0,[],1,"['CYSH_BUCAI', 'CYSN_BUCAI', 'CYSD_BUCAI']",0,[]
ABC-12-CPLX,COG1126,COG0765,COG0834,,,,,,,,,,,,,,,,,,,,,,,,,1,"['GLNH_ECOLI', 'ARGT_ECOLI', 'GLTK_ECOLI', 'EVGS_ECOLI', 'YECS_ECOLI', 'YECC_ECOLI', 'HISJ_ECOLI', 'GLTJ_ECOLI', 'YHDZ_ECOLI', 'FLIY_ECOLI', 'GLNP_ECOLI', 'ARTI_ECOLI', 'ARTJ_ECOLI', 'GLNQ_ECOLI', 'GLTI_ECOLI', 'YHDY_ECOLI', 'GLTL_ECOLI']",0.333333333,['P96257_MYCTU'],0.333333333,['Q9CCX0_MYCLE'],0,[],0,[]
PABASYN-CPLX,COG0147,COG0512,,,,,,,,,,,,,,,,,,,,,,,,,,1,"['PABA_ECOLI', 'TRPE_ECOLI', 'PABB_ECOLI', 'TRPGD_ECOLI']",1,"['TRPE_MYCTU', 'O05591_MYCTU', 'MBTI_MYCTU', 'TRPG_MYCTU']",1,"['Q7AQP6_MYCLE', 'Q7AQL1_MYCLE', 'TRPE_MYCLE']",0,[],0,[]
CPLX0-1601,COG0243,COG0243,COG0437,COG3302,,,,,,,,,,,,,,,,,,,,,,,,1,"['DMSA_ECOLI', 'TORA_ECOLI', 'TORZ_ECOLI', 'BISC_ECOLI', 'FDOH_ECOLI', 'FDHF_ECOLI', 'YNFE_ECOLI', 'YNFG_ECOLI', 'YNFH_ECOLI', 'NRFC_ECOLI', 'FDOG_ECOLI', 'FDNG_ECOLI', 'HYBA_ECOLI', 'YDHX_ECOLI', 'DMSC_ECOLI', 'YDHY_ECOLI', 'NAPA_ECOLI', 'DMSB_ECOLI', 'YDEP_ECOLI', 'FDNH_ECOLI']",0.5,"['Y2900_MYCTU', 'L0T2Z1_MYCTU', 'O06817_MYCTU']",0,[],0,[],0,[]
FUMARATE-REDUCTASE,COG1053,COG0479,COG3029,COG3080,,,,,,,,,,,,,,,,,,,,,,,,1,"['FRDA_ECOLI', 'FRDB_ECOLI', 'FRDC_ECOLI', 'SDHB_ECOLI', 'SDHA_ECOLI', 'FRDD_ECOLI']",1,"['3O1D1_MYCTU', 'O53370_MYCTU', 'O53670_MYCTU', 'FRDB_MYCTU', 'FRDC_MYCTU', 'FRDA_MYCTU', 'FRDD_MYCTU', 'O53669_MYCTU', 'Q50616_MYCTU', 'O53371_MYCTU']",0.5,"['Q9CCM1_MYCLE', 'Q7AQF9_MYCLE']",0,[],0,[]
ABC-9-CPLX,COG1120,COG0609,COG0609,COG4594,,,,,,,,,,,,,,,,,,,,,,,,1,"['FECB_ECOLI', 'FECE_ECOLI', 'FEPC_ECOLI', 'FHUC_ECOLI', 'FECD_ECOLI', 'FEPD_ECOLI', 'FECC_ECOLI', 'FHUB_ECOLI']",0,[],0,[],0,[],0,[]
SECD-SECF-YAJC-YIDC-CPLX,COG0706,COG1862,COG0341,COG0342,,,,,,,,,,,,,,,,,,,,,,,,1,"['SECD_ECOLI', 'SECF_ECOLI', 'YAJC_ECOLI', 'YIDC_ECOLI']",1,"['YIDC_MYCTU', 'YAJC_MYCTU', 'SECF_MYCTU', 'SECD_MYCTU']",1,"['YAJC_MYCLE', 'SECF_MYCLE', 'YIDC_MYCLE', 'SECD_MYCLE']",0.5,"['YIDC_BUCAI', 'YAJC_BUCAI']",0.25,['Q058F6_BUCCC']
ALPHA-SUBUNIT-CPLX,COG2864,COG0437,COG0243,,,,,,,,,,,,,,,,,,,,,,,,,1,"['DMSA_ECOLI', 'TORA_ECOLI', 'TORZ_ECOLI', 'BISC_ECOLI', 'FDOH_ECOLI', 'FDNI_ECOLI', 'FDHF_ECOLI', 'YNFE_ECOLI', 'YNFG_ECOLI', 'NRFC_ECOLI', 'FDOG_ECOLI', 'FDNG_ECOLI', 'HYBA_ECOLI', 'FDOI_ECOLI', 'YDHX_ECOLI', 'YDHY_ECOLI', 'NAPA_ECOLI', 'DMSB_ECOLI', 'YDEP_ECOLI', 'FDNH_ECOLI']",0.333333333,"['Y2900_MYCTU', 'L0T2Z1_MYCTU', 'O06817_MYCTU']",0,[],0,[],0,[]
3-ISOPROPYLMALISOM-CPLX,COG0065,COG0066,,,,,,,,,,,,,,,,,,,,,,,,,,1,"['LEUC_ECOLI', 'LEUD_ECOLI']",1,"['LEUC_MYCTU', 'LEUD_MYCTU']",1,"['LEUD_MYCLE', 'LEUC_MYCLE']",0,[],0,[]
ABC-11-CPLX,COG1120,COG0609,COG0614,,,,,,,,,,,,,,,,,,,,,,,,,1,"['FECE_ECOLI', 'FEPC_ECOLI', 'FHUC_ECOLI', 'FECD_ECOLI', 'FEPD_ECOLI', 'FECC_ECOLI', 'FHUD_ECOLI', 'FHUB_ECOLI', 'BTUF_ECOLI']",0.333333333,"['O53291_MYCTU', 'L7N6B2_MYCTU']",0.333333333,['Q9CBQ4_MYCLE'],0,[],0,[]
CPLX0-7425,COG1396,COG3550,,,,,,,,,,,,,,,,,,,,,,,,,,1,"['HIPB_ECOLI', 'HIPA_ECOLI', 'MQSA_ECOLI', 'SUTR_ECOLI', 'DICA_ECOLI', 'NADR_ECOLI']",0.5,"['RAMB_MYCTU', 'Y474_MYCTU', 'HIGA1_MYCTU', 'O53463_MYCTU', 'PRPR_MYCTU', 'Y023_MYCTU']",0,[],0,[],0,[]
FORMATEDEHYDROGN-CPLX,COG0243,COG0437,COG2864,,,,,,,,,,,,,,,,,,,,,,,,,1,"['DMSA_ECOLI', 'TORA_ECOLI', 'TORZ_ECOLI', 'BISC_ECOLI', 'FDOH_ECOLI', 'FDNI_ECOLI', 'FDHF_ECOLI', 'YNFE_ECOLI', 'YNFG_ECOLI', 'NRFC_ECOLI', 'FDOG_ECOLI', 'FDNG_ECOLI', 'HYBA_ECOLI', 'FDOI_ECOLI', 'YDHX_ECOLI', 'YDHY_ECOLI', 'NAPA_ECOLI', 'DMSB_ECOLI', 'YDEP_ECOLI', 'FDNH_ECOLI']",0.333333333,"['Y2900_MYCTU', 'L0T2Z1_MYCTU', 'O06817_MYCTU']",0,[],0,[],0,[]
CPLX0-3956,COG0244,COG0222,,,,,,,,,,,,,,,,,,,,,,,,,,1,"['RL10_ECOLI', 'RL7_ECOLI']",1,"['RL7_MYCTU', 'RL10_MYCTU']",1,"['RL7_MYCLE', 'RL10_MYCLE']",1,"['RL7_BUCAI', 'RL10_BUCAI']",1,"['RL10_BUCCC', 'RL7_BUCCC']"
TRG-CPLX,COG0643,COG0835,COG0840,,,,,,,,,,,,,,,,,,,,,,,,,1,"['CHEA_ECOLI', 'MCP3_ECOLI', 'MCP2_ECOLI', 'MCP1_ECOLI', 'AER_ECOLI', 'CHEW_ECOLI', 'MCP4_ECOLI']",0,[],0,[],0,[],0,[]
TAP-CPLX,COG0643,COG0835,COG0840,,,,,,,,,,,,,,,,,,,,,,,,,1,"['CHEA_ECOLI', 'MCP3_ECOLI', 'MCP2_ECOLI', 'MCP1_ECOLI', 'AER_ECOLI', 'CHEW_ECOLI', 'MCP4_ECOLI']",0,[],0,[],0,[],0,[]