ABC-13-CPLX,COG0834,COG0765,COG0765,COG1126,,,,,,,,,,,,,,,,,,,,,,,
ABC-46-CPLX,COG1172,COG1129,COG1172,COG1879,,,,,,,,,,,,,,,,,,,,,,,
CPLX0-7976,COG2911,COG0729,,,,,,,,,,,,,,,,,,,,,,,,,
TATABCE-CPLX,COG1826,COG0805,COG1826,COG1826,,,,,,,,,,,,,,,,,,,,,,,
ABC-45-CPLX,COG2854,COG1127,COG0767,COG1463,COG3113,,,,,,,,,,,,,,,,,,,,,,
CPLX-170,COG3444,COG3715,COG3716,,,,,,,,,,,,,,,,,,,,,,,,
CPLX0-240,COG0191,COG4573,,,,,,,,,,,,,,,,,,,,,,,,,
CPLX0-7656,COG3114,COG2332,COG0755,,,,,,,,,,,,,,,,,,,,,,,,
CPLX0-3241,COG1145,COG0348,,,,,,,,,,,,,,,,,,,,,,,,,
CPLX0-1341,COG0719,COG0396,COG0719,,,,,,,,,,,,,,,,,,,,,,,,
ABC-58-CPLX,COG1879,COG1172,COG1172,COG1129,,,,,,,,,,,,,,,,,,,,,,,
CPLX0-3970,COG0601,COG1173,COG0444,COG4608,COG4166,,,,,,,,,,,,,,,,,,,,,,
ABC-49-CPLX,COG1123,COG0747,COG1173,COG0601,,,,,,,,,,,,,,,,,,,,,,,
CPLX0-7916,COG2197,COG2197,,,,,,,,,,,,,,,,,,,,,,,,,
EIISGC,COG3414,COG3775,COG1762,,,,,,,,,,,,,,,,,,,,,,,,
ABC-53-CPLX,COG0795,COG1137,COG0795,,,,,,,,,,,,,,,,,,,,,,,,
NRDACTMULTI-CPLX,COG1328,COG0602,COG1018,,,,,,,,,,,,,,,,,,,,,,,,
CPLX0-7561,COG2337,COG2336,,,,,,,,,,,,,,,,,,,,,,,,,
ECNAB-CPLX,COG5510,COG5510,,,,,,,,,,,,,,,,,,,,,,,,,
ABC-42-CPLX,COG1129,COG1172,COG1522,,,,,,,,,,,,,,,,,,,,,,,,
CPLX0-7807,COG1538,COG1289,COG1566,,,,,,,,,,,,,,,,,,,,,,,,
NRFMULTI-CPLX,COG3301,COG0437,NOG06663,COG3303,,,,,,,,,,,,,,,,,,,,,,,
CPLX-160,COG1299,COG1445,COG1445,,,,,,,,,,,,,,,,,,,,,,,,
CPLX-159,COG1299,COG1762,,,,,,,,,,,,,,,,,,,,,,,,,
CPLX0-7852,COG2197,COG2771,,,,,,,,,,,,,,,,,,,,,,,,,
CPLX-3942,COG2168,COG2923,COG1553,,,,,,,,,,,,,,,,,,,,,,,,
CPLX0-3382,COG3031,COG1450,COG2804,COG1459,COG2165,COG2165,COG2165,COG4795,COG3156,COG3297,COG3149,COG1989,,,,,,,,,,,,,,,
CPLX0-4,COG1566,COG1289,,,,,,,,,,,,,,,,,,,,,,,,,
CPLX0-7610,COG3444,COG3715,,,,,,,,,,,,,,,,,,,,,,,,,
LTARTDEHYDRA-CPLX,COG1951,COG1838,,,,,,,,,,,,,,,,,,,,,,,,,
CPLX0-7458,COG0277,COG0277,COG0247,,,,,,,,,,,,,,,,,,,,,,,,
CPLX0-1841,COG1529,COG1319,,,,,,,,,,,,,,,,,,,,,,,,,
CPLX0-761,COG1529,COG1319,COG2080,,,,,,,,,,,,,,,,,,,,,,,,
CPLX0-7934,COG1589,COG0208,COG3116,,,,,,,,,,,,,,,,,,,,,,,,
RIBONUCLEOSIDE-DIP-REDUCTII-CPLX,COG0209,COG0208,,,,,,,,,,,,,,,,,,,,,,,,,
HCAMULTI-CPLX,COG2146,COG0446,COG5517,COG4638,,,,,,,,,,,,,,,,,,,,,,,
CPLX0-250,COG3262,COG3260,COG1142,COG0651,COG0650,COG1009,COG4237,COG0651,COG1143,,,,,,,,,,,,,,,,,,
CPLX0-3932,COG0841,COG0845,COG1538,,,,,,,,,,,,,,,,,,,,,,,,
CPLX0-7,COG1264,COG2190,,,,,,,,,,,,,,,,,,,,,,,,,
CPLX0-1668,COG1250,COG0183,,,,,,,,,,,,,,,,,,,,,,,,,
CPLX0-7720,COG0697,COG0697,,,,,,,,,,,,,,,,,,,,,,,,,
NAP-CPLX,COG3043,COG3005,COG0348,COG1145,COG0243,,,,,,,,,,,,,,,,,,,,,,
ABC-35-CPLX,COG0755,COG2332,COG3114,COG2386,COG4133,,,,,,,,,,,,,,,,,,,,,,
CPLX0-3323,COG2332,COG1138,COG0526,COG3088,,,,,,,,,,,,,,,,,,,,,,,
CPLX0-7788,COG0493,COG0745,,,,,,,,,,,,,,,,,,,,,,,,,
ABC-40-CPLX,COG1732,COG1125,COG1174,COG1174,,,,,,,,,,,,,,,,,,,,,,,
CPLX0-241,COG0191,COG4573,,,,,,,,,,,,,,,,,,,,,,,,,
ABC-63-CPLX,COG1121,COG1108,COG4531,,,,,,,,,,,,,,,,,,,,,,,,
CPLX0-7942,COG0271,COG0278,,,,,,,,,,,,,,,,,,,,,,,,,
YDGEF-CPLX,COG2076,COG2076,,,,,,,,,,,,,,,,,,,,,,,,,
CPLX0-7823,COG2200,COG2199,,,,,,,,,,,,,,,,,,,,,,,,,
ABC-59-CPLX,COG0601,COG1173,COG0747,COG0444,COG1124,,,,,,,,,,,,,,,,,,,,,,
CPLX0-7988,COG1024,COG1024,,,,,,,,,,,,,,,,,,,,,,,,,
CPLX0-1762,COG1018,COG3396,COG3396,COG3460,,,,,,,,,,,,,,,,,,,,,,,
CPLX0-7844,COG1473,COG1473,,,,,,,,,,,,,,,,,,,,,,,,,
CPLX0-2081,COG3412,COG2376,COG2376,,,,,,,,,,,,,,,,,,,,,,,,
ABC-62-CPLX,COG4591,COG1136,COG4591,,,,,,,,,,,,,,,,,,,,,,,,
CITLY-CPLX,COG3052,COG3051,COG2301,,,,,,,,,,,,,,,,,,,,,,,,
CPLX0-5,COG0477,COG1538,,,,,,,,,,,,,,,,,,,,,,,,,
CPLX0-3957,COG0419,COG0420,,,,,,,,,,,,,,,,,,,,,,,,,
ABC-64-CPLX,COG4521,COG0600,COG4525,,,,,,,,,,,,,,,,,,,,,,,,
CPLX0-7805,COG2080,COG1319,COG1529,,,,,,,,,,,,,,,,,,,,,,,,
ABC-5-CPLX,COG4138,COG4139,COG0614,,,,,,,,,,,,,,,,,,,,,,,,
CPLX0-7628,COG1452,COG2980,,,,,,,,,,,,,,,,,,,,,,,,,
ABC-33-CPLX,COG1129,COG4214,COG4213,,,,,,,,,,,,,,,,,,,,,,,,
CPLX-3946,COG1570,COG1722,,,,,,,,,,,,,,,,,,,,,,,,,
CPLX0-3959,COG4973,COG4974,,,,,,,,,,,,,,,,,,,,,,,,,
CPLX0-3976,COG2244,NOG04329,COG3765,,,,,,,,,,,,,,,,,,,,,,,,
TRANS-200-CPLX,COG1538,COG1136,COG0845,,,,,,,,,,,,,,,,,,,,,,,,
CPLX0-2121,COG1566,COG0477,COG1538,,,,,,,,,,,,,,,,,,,,,,,,
TRANS-CPLX-202,COG1538,COG0841,COG0841,COG0845,,,,,,,,,,,,,,,,,,,,,,,
CPLX0-2161,COG1566,COG0477,COG1538,,,,,,,,,,,,,,,,,,,,,,,,
TRANS-CPLX-204,COG1538,COG0845,COG0841,,,,,,,,,,,,,,,,,,,,,,,,
RECFOR-CPLX,COG1195,COG0353,COG1381,,,,,,,,,,,,,,,,,,,,,,,,
UVRABC-CPLX,COG0210,COG0178,COG0322,COG0556,,,,,,,,,,,,,,,,,,,,,,,
CPLX0-3925,COG0389,COG1974,,,,,,,,,,,,,,,,,,,,,,,,,
CPLX-157,COG1264,COG2190,,,,,,,,,,,,,,,,,,,,,,,,,
TRYPSYN,COG0159,COG0133,,,,,,,,,,,,,,,,,,,,,,,,,
CPLX0-7609,COG0486,COG0445,,,,,,,,,,,,,,,,,,,,,,,,,
ABC-29-CPLX,COG4167,COG4170,COG4168,COG4171,COG4166,,,,,,,,,,,,,,,,,,,,,,
CPLX-164,COG1264,COG2190,,,,,,,,,,,,,,,,,,,,,,,,,
CPLX-168,COG1264,COG2190,,,,,,,,,,,,,,,,,,,,,,,,,
CPLX0-245,COG0450,COG3634,,,,,,,,,,,,,,,,,,,,,,,,,
CPLX-156,COG1762,COG2213,,,,,,,,,,,,,,,,,,,,,,,,,
CPLX0-3949,COG2022,COG1060,,,,,,,,,,,,,,,,,,,,,,,,,
CPLX-8029,COG1060,COG2022,,,,,,,,,,,,,,,,,,,,,,,,,
CPLX0-1862,COG0810,COG0811,COG0848,COG4206,COG0614,COG4139,COG4138,,,,,,,,,,,,,,,,,,,,
CPLX0-1923,COG0810,COG0811,COG0848,,,,,,,,,,,,,,,,,,,,,,,,
CPLX0-1942,COG0848,COG0811,COG0810,COG1629,,,,,,,,,,,,,,,,,,,,,,,
CPLX0-1941,COG0848,COG0811,COG0810,COG4771,,,,,,,,,,,,,,,,,,,,,,,
CPLX0-7954,COG0614,COG0609,COG1120,COG0810,COG0811,COG0848,COG4773,,,,,,,,,,,,,,,,,,,,
CPLX0-2001,COG4594,COG0609,COG0609,COG1120,COG0810,COG0811,COG0848,COG4772,,,,,,,,,,,,,,,,,,,
CPLX0-7952,COG4773,COG0848,COG0811,COG0810,,,,,,,,,,,,,,,,,,,,,,,
CPLX0-1943,COG4772,COG0848,COG0811,COG0810,,,,,,,,,,,,,,,,,,,,,,,
CPLX0-1981,COG0614,COG0609,COG1120,COG1629,COG0810,COG0811,COG0848,,,,,,,,,,,,,,,,,,,,
CPLX0-7787,COG3041,COG3077,,,,,,,,,,,,,,,,,,,,,,,,,
CPLX0-3933,COG2913,COG3317,COG4105,COG4775,COG1520,,,,,,,,,,,,,,,,,,,,,,
CPLX0-2381,COG0855,COG1530,COG0513,COG1185,COG0148,,,,,,,,,,,,,,,,,,,,,,
TRANS-CPLX-201,COG0845,COG1538,COG0841,,,,,,,,,,,,,,,,,,,,,,,,
ABC-32-CPLX,COG3840,COG1178,COG4143,,,,,,,,,,,,,,,,,,,,,,,,
CPLX0-2361,COG0587,COG0847,NOG07474,,,,,,,,,,,,,,,,,,,,,,,,
CPLX0-221,COG0085,COG0086,COG0202,COG1595,,,,,,,,,,,,,,,,,,,,,,,
RNAP54-CPLX,COG0085,COG0086,COG0202,COG1508,,,,,,,,,,,,,,,,,,,,,,,
RNAPS-CPLX,COG0085,COG0086,COG0202,COG0568,,,,,,,,,,,,,,,,,,,,,,,
RNAP32-CPLX,COG0085,COG0086,COG0202,COG0568,,,,,,,,,,,,,,,,,,,,,,,
RNAPE-CPLX,COG0085,COG0086,COG0202,COG1595,,,,,,,,,,,,,,,,,,,,,,,
RNAP70-CPLX,COG0085,COG0086,COG0202,COG0568,,,,,,,,,,,,,,,,,,,,,,,
CPLX0-222,COG1191,COG0085,COG0086,COG0202,,,,,,,,,,,,,,,,,,,,,,,
CPLX0-8,COG1077,COG1792,COG2891,,,,,,,,,,,,,,,,,,,,,,,,
CPLX0-7992,COG2980,COG1452,COG0795,COG1137,COG0795,COG3117,COG1934,,,,,,,,,,,,,,,,,,,,
CPLX0-2661,COG1401,COG4268,,,,,,,,,,,,,,,,,,,,,,,,,
DTDPRHAMSYNTHMULTI-CPLX,COG1898,COG1898,,,,,,,,,,,,,,,,,,,,,,,,,
CPLX0-7791,COG3077,COG2026,,,,,,,,,,,,,,,,,,,,,,,,,
ABC-28-CPLX,COG1129,COG1172,COG1879,,,,,,,,,,,,,,,,,,,,,,,,
EIISGA,COG1762,COG3414,COG3037,,,,,,,,,,,,,,,,,,,,,,,,
CPLX0-232,COG1263,COG1263,,,,,,,,,,,,,,,,,,,,,,,,,
GLUTAMATESYN-DIMER,COG0493,COG0069,,,,,,,,,,,,,,,,,,,,,,,,,
GLUTAMATESYN-CPLX,COG0069,COG0493,,,,,,,,,,,,,,,,,,,,,,,,,
ABC-34-CPLX,COG3839,COG1175,COG0395,COG1653,,,,,,,,,,,,,,,,,,,,,,,
ANGLYC3PDEHYDROG-CPLX,COG0578,COG3075,COG0247,,,,,,,,,,,,,,,,,,,,,,,,
PROLINEMULTI-CPLX,COG0263,COG0014,,,,,,,,,,,,,,,,,,,,,,,,,
ABC-27-CPLX,COG1117,COG0581,COG0573,COG0226,,,,,,,,,,,,,,,,,,,,,,,
PHES-CPLX,COG0016,COG0073,,,,,,,,,,,,,,,,,,,,,,,,,
APORNAP-CPLX,COG0202,COG0086,COG0085,,,,,,,,,,,,,,,,,,,,,,,,
F-O-CPLX,COG0636,COG0711,COG0356,,,,,,,,,,,,,,,,,,,,,,,,
F-1-CPLX,COG0355,COG0712,COG0056,COG0224,COG0055,,,,,,,,,,,,,,,,,,,,,,
ATPSYN-CPLX,COG0356,COG0711,COG0636,COG0055,COG0224,COG0056,COG0712,COG0355,,,,,,,,,,,,,,,,,,,
ABC-26-CPLX,COG4175,COG4176,COG2113,,,,,,,,,,,,,,,,,,,,,,,,
FAO-CPLX,COG1250,COG0183,,,,,,,,,,,,,,,,,,,,,,,,,
CPLX0-7879,COG0051,COG0781,,,,,,,,,,,,,,,,,,,,,,,,,
CPLX0-3362,COG1894,COG0852,COG1143,,,,,,,,,,,,,,,,,,,,,,,,
NADH-DHI-CPLX,COG1008,COG1005,COG0839,COG0713,COG1009,COG1008,COG1007,COG1034,COG1894,COG1905,COG1143,COG0852,COG1894,,,,,,,,,,,,,,
CPLX0-2424,COG0187,COG0188,,,,,,,,,,,,,,,,,,,,,,,,,
CPLX0-3803,NOG07474,COG0847,COG0587,COG1466,COG0470,COG2812,COG0592,COG3050,COG2927,,,,,,,,,,,,,,,,,,
FLAGELLAR-MOTOR-COMPLEX,COG1886,COG1868,COG1536,COG2063,COG1291,COG1360,COG1815,COG1558,COG4787,COG4786,COG1706,COG1766,COG1677,,,,,,,,,,,,,,
ABC-18-CPLX,COG1129,COG4211,COG1879,,,,,,,,,,,,,,,,,,,,,,,,
METNIQ-METHIONINE-ABC-CPLX,COG1135,COG2011,COG1464,,,,,,,,,,,,,,,,,,,,,,,,
SECE-G-Y-CPLX,COG0690,COG1314,COG0201,,,,,,,,,,,,,,,,,,,,,,,,
ABC-16-CPLX,COG3839,COG1175,COG3833,COG2182,,,,,,,,,,,,,,,,,,,,,,,
MONOMER0-1761,COG2909,COG3839,,,,,,,,,,,,,,,,,,,,,,,,,
2OXOGLUTARATEDEH-CPLX,COG0567,COG0508,COG1249,,,,,,,,,,,,,,,,,,,,,,,,
CPLX0-3108,COG0740,COG0542,COG1219,,,,,,,,,,,,,,,,,,,,,,,,
CPLX0-3107,COG0740,COG1219,,,,,,,,,,,,,,,,,,,,,,,,,
CPLX0-3104,COG0740,COG0542,,,,,,,,,,,,,,,,,,,,,,,,,
CPLX0-2561,COG3096,COG3006,COG3095,,,,,,,,,,,,,,,,,,,,,,,,
CPLX0-7697,COG3095,COG3006,,,,,,,,,,,,,,,,,,,,,,,,,
ATPASE-1-CPLX,NOG259379,COG2060,COG2216,COG2156,,,,,,,,,,,,,,,,,,,,,,,
ACETOLACTSYNII-CPLX,COG0028,COG0028,COG3978,,,,,,,,,,,,,,,,,,,,,,,,
CPLX0-1721,COG1538,COG0845,COG5569,COG3696,,,,,,,,,,,,,,,,,,,,,,,
FORMHYDROG2-CPLX,COG0437,COG5557,COG1740,COG0374,,,,,,,,,,,,,,,,,,,,,,,
CPLX0-7986,COG0409,COG0298,,,,,,,,,,,,,,,,,,,,,,,,,
ABC-20-CPLX,COG0444,COG1124,COG0601,COG1173,COG0747,,,,,,,,,,,,,,,,,,,,,,
CPLX0-3821,COG0375,COG0378,,,,,,,,,,,,,,,,,,,,,,,,,
ABC-6-CPLX,COG4988,COG4987,,,,,,,,,,,,,,,,,,,,,,,,,
CPLX0-3958,COG0286,COG4096,COG0732,,,,,,,,,,,,,,,,,,,,,,,,
CPLX0-1321,COG0330,COG0330,,,,,,,,,,,,,,,,,,,,,,,,,
ABC-15-CPLX,COG0410,COG0411,COG0559,COG4177,COG0683,,,,,,,,,,,,,,,,,,,,,,
ABC-304-CPLX,COG0683,COG4177,COG0559,COG0411,COG0410,,,,,,,,,,,,,,,,,,,,,,
RECBCD,COG0507,COG1330,COG1074,,,,,,,,,,,,,,,,,,,,,,,,
CPLX0-2425,COG0188,COG0187,,,,,,,,,,,,,,,,,,,,,,,,,
PC00027,COG0776,COG0776,,,,,,,,,,,,,,,,,,,,,,,,,
CPLX0-2982,COG0330,COG0330,COG0465,,,,,,,,,,,,,,,,,,,,,,,,
HYDROG3-CPLX,COG0650,COG0651,COG1143,COG3260,COG1142,COG3262,,,,,,,,,,,,,,,,,,,,,
CPLX-169,COG3730,COG3731,COG3732,,,,,,,,,,,,,,,,,,,,,,,,
HSP70-CPLX,COG0484,COG0443,COG0576,,,,,,,,,,,,,,,,,,,,,,,,
CPLX0-3934,COG0459,COG0234,,,,,,,,,,,,,,,,,,,,,,,,,
CPLX-165,COG3716,COG3715,COG3444,,,,,,,,,,,,,,,,,,,,,,,,
GLYS-CPLX,COG0751,COG0752,,,,,,,,,,,,,,,,,,,,,,,,,
PC00063,COG1349,COG1349,,,,,,,,,,,,,,,,,,,,,,,,,
ABC-54-CPLX,COG2884,COG2177,,,,,,,,,,,,,,,,,,,,,,,,,
CPLX-158,COG1925,COG1299,,,,,,,,,,,,,,,,,,,,,,,,,
CPLX0-7451,COG1298,COG1377,COG3190,COG1338,COG1987,COG1684,COG1317,COG1157,COG2882,,,,,,,,,,,,,,,,,,
CPLX0-7450,COG1536,COG1868,COG1886,,,,,,,,,,,,,,,,,,,,,,,,
CPLX0-7452,COG1677,COG1766,COG1706,COG4786,COG4787,COG1558,COG1815,COG1360,COG1291,COG2063,COG1536,COG1868,COG1886,COG2882,COG1157,COG1317,COG1684,COG1987,COG1338,COG3190,COG1377,COG1298,COG1749,COG1256,COG1344,COG1344,COG1345
CPLX0-3401,COG3539,COG3539,COG2916,COG3539,,,,,,,,,,,,,,,,,,,,,,,
CPLX0-2202,COG2885,COG1729,COG0823,COG0848,COG0811,COG3064,COG3047,,,,,,,,,,,,,,,,,,,,
CPLX0-2141,COG0841,COG0841,COG1538,,,,,,,,,,,,,,,,,,,,,,,,
ENTMULTI-CPLX,COG3433,COG2977,COG1020,COG1021,,,,,,,,,,,,,,,,,,,,,,,
ABC-8-CPLX,COG0444,COG4608,COG0601,COG1173,COG0747,,,,,,,,,,,,,,,,,,,,,,
CPLX0-2021,COG0776,COG0776,,,,,,,,,,,,,,,,,,,,,,,,,
CPLX0-3801,COG2812,COG0470,COG1466,,,,,,,,,,,,,,,,,,,,,,,,
RIBONUCLEOSIDE-DIP-REDUCTI-CPLX,COG0209,COG0208,,,,,,,,,,,,,,,,,,,,,,,,,
SUCC-DEHASE,COG1053,COG0479,COG2009,COG2142,,,,,,,,,,,,,,,,,,,,,,,
GCVMULTI-CPLX,COG1249,COG1003,COG0509,COG0404,,,,,,,,,,,,,,,,,,,,,,,
PYRUVATEDEH-CPLX,COG2609,COG0508,COG1249,,,,,,,,,,,,,,,,,,,,,,,,
ACETYL-COA-CARBOXYLTRANSFER-CPLX,COG0825,COG0777,,,,,,,,,,,,,,,,,,,,,,,,,
ACETYL-COA-CARBOXYLMULTI-CPLX,COG0777,COG0825,COG0439,COG0511,,,,,,,,,,,,,,,,,,,,,,,
CYSSYNMULTI-CPLX,COG1045,COG0031,,,,,,,,,,,,,,,,,,,,,,,,,
ABC-70-CPLX,COG1613,COG4208,COG0555,COG1118,,,,,,,,,,,,,,,,,,,,,,,
ABC-7-CPLX,COG1118,COG4208,COG0555,COG4150,,,,,,,,,,,,,,,,,,,,,,,
CYT-D-UBIOX-CPLX,COG1271,COG1294,,,,,,,,,,,,,,,,,,,,,,,,,
FORMHYDROGI-CPLX,COG1740,COG0374,COG1969,,,,,,,,,,,,,,,,,,,,,,,,
PC00084,COG2197,COG2771,,,,,,,,,,,,,,,,,,,,,,,,,
CPLX0-1163,COG1220,COG5405,,,,,,,,,,,,,,,,,,,,,,,,,
CPLX0-2201,COG3064,COG0811,COG0848,COG0823,COG1729,COG2885,,,,,,,,,,,,,,,,,,,,,
CPLX0-1242,COG2337,COG2336,,,,,,,,,,,,,,,,,,,,,,,,,
NITRATREDUCTZ-CPLX,COG1140,COG5013,COG2181,,,,,,,,,,,,,,,,,,,,,,,,
FHLMULTI-CPLX,COG0243,COG3262,COG1142,COG3260,COG1143,COG0651,COG0650,,,,,,,,,,,,,,,,,,,,
ABC-19-CPLX,COG4148,COG4149,COG0725,,,,,,,,,,,,,,,,,,,,,,,,
NITRATREDUCTA-CPLX,COG5013,COG1140,COG2181,,,,,,,,,,,,,,,,,,,,,,,,
CPLX0-2502,COG1977,COG0314,,,,,,,,,,,,,,,,,,,,,,,,,
TAR-CPLX,COG0643,COG0835,COG0840,,,,,,,,,,,,,,,,,,,,,,,,
TSR-CPLX,COG0835,COG0643,COG0840,,,,,,,,,,,,,,,,,,,,,,,,
CPLX-155,COG1447,COG1455,COG1440,,,,,,,,,,,,,,,,,,,,,,,,
CPLX0-1944,COG4592,COG4779,COG0609,COG1120,COG4771,COG0810,COG0811,COG0848,,,,,,,,,,,,,,,,,,,
APP-UBIOX-CPLX,COG1271,COG1294,,,,,,,,,,,,,,,,,,,,,,,,,
CARBPSYN-CPLX,COG0458,COG0505,,,,,,,,,,,,,,,,,,,,,,,,,
ACETOLACTSYNIII-CPLX,COG0028,COG0440,,,,,,,,,,,,,,,,,,,,,,,,,
CPLX-63,COG0243,COG3005,,,,,,,,,,,,,,,,,,,,,,,,,
CPLX0-2221,COG4206,COG3203,COG2885,COG1729,COG0823,COG0848,COG0811,COG3064,,,,,,,,,,,,,,,,,,,
CPLX0-1924,COG4206,COG0848,COG0811,COG0810,,,,,,,,,,,,,,,,,,,,,,,
ABC-2-CPLX,COG1129,COG1172,COG1879,,,,,,,,,,,,,,,,,,,,,,,,
SEC-SECRETION-CPLX,COG1952,COG0653,COG0201,COG1314,COG0690,COG0342,COG0341,COG1862,COG0706,,,,,,,,,,,,,,,,,,
ANTHRANSYN-CPLX,COG0147,COG0547,,,,,,,,,,,,,,,,,,,,,,,,,
MUTHLS-CPLX,COG0323,COG0249,COG3066,,,,,,,,,,,,,,,,,,,,,,,,
ABC-21-CPLX,COG1131,COG0842,,,,,,,,,,,,,,,,,,,,,,,,,
PYRNUTRANSHYDROGEN-CPLX,COG1282,COG3288,,,,,,,,,,,,,,,,,,,,,,,,,
TMAOREDUCTI-CPLX,COG3005,COG0243,,,,,,,,,,,,,,,,,,,,,,,,,
CPLX0-3361,COG1905,COG1894,COG1034,,,,,,,,,,,,,,,,,,,,,,,,
GLUTAMIDOTRANS-CPLX,COG0118,COG0107,,,,,,,,,,,,,,,,,,,,,,,,,
ABC-24-CPLX,COG3842,COG1176,COG1177,COG0687,,,,,,,,,,,,,,,,,,,,,,,
ABC-14-CPLX,COG4598,COG4160,COG4215,COG0834,,,,,,,,,,,,,,,,,,,,,,,
ABC-61-CPLX,COG3127,COG4181,,,,,,,,,,,,,,,,,,,,,,,,,
ABC-3-CPLX,COG4215,COG4598,COG4160,COG0834,,,,,,,,,,,,,,,,,,,,,,,
ABC-52-CPLX,COG1126,COG0765,COG4597,COG0834,,,,,,,,,,,,,,,,,,,,,,,
NITRITREDUCT-CPLX,COG2146,COG1251,,,,,,,,,,,,,,,,,,,,,,,,,
TRANS-CPLX-203,COG1638,COG1593,COG3090,,,,,,,,,,,,,,,,,,,,,,,,
DIMESULFREDUCT-CPLX,COG0243,COG0437,COG3302,,,,,,,,,,,,,,,,,,,,,,,,
ABC-55-CPLX,COG0395,COG1175,COG1653,,,,,,,,,,,,,,,,,,,,,,,,
ACETOLACTSYNI-CPLX,COG0028,COG0440,,,,,,,,,,,,,,,,,,,,,,,,,
ABC-4-CPLX,COG4161,COG4160,COG4215,COG0834,COG0834,,,,,,,,,,,,,,,,,,,,,,
ASPCARBTRANS-CPLX,COG0540,COG1781,,,,,,,,,,,,,,,,,,,,,,,,,
CPLX0-7910,COG2927,COG3050,,,,,,,,,,,,,,,,,,,,,,,,,
CPLX0-7958,COG4778,COG3625,COG3624,COG3626,,,,,,,,,,,,,,,,,,,,,,,
ABC-60-CPLX,COG1172,COG1879,COG1129,,,,,,,,,,,,,,,,,,,,,,,,
CPLX-3944,COG4772,COG3712,,,,,,,,,,,,,,,,,,,,,,,,,
SUCCCOASYN,COG0074,COG0045,,,,,,,,,,,,,,,,,,,,,,,,,
ABC-10-CPLX,COG1120,COG0609,COG4779,COG4592,,,,,,,,,,,,,,,,,,,,,,,
CPLX0-7529,COG1596,COG0489,,,,,,,,,,,,,,,,,,,,,,,,,
ABC-48-CPLX,COG4135,COG4136,,,,,,,,,,,,,,,,,,,,,,,,,
RUVABC-CPLX,COG0817,COG2255,COG0632,,,,,,,,,,,,,,,,,,,,,,,,
SULFITE-REDUCT-CPLX,COG0369,COG0155,,,,,,,,,,,,,,,,,,,,,,,,,
CYT-O-UBIOX-CPLX,COG3125,COG1622,COG0843,COG1845,,,,,,,,,,,,,,,,,,,,,,,
CPLX0-7428,COG2895,COG0175,,,,,,,,,,,,,,,,,,,,,,,,,
ABC-51-CPLX,COG0687,COG3842,COG1177,COG1176,,,,,,,,,,,,,,,,,,,,,,,
PABSYNMULTI-CPLX,COG0512,COG0147,COG0115,,,,,,,,,,,,,,,,,,,,,,,,
ACETOACETYL-COA-TRANSFER-CPLX,COG2057,COG1788,,,,,,,,,,,,,,,,,,,,,,,,,
CPLX0-3781,COG4115,COG2161,,,,,,,,,,,,,,,,,,,,,,,,,
ABC-57-CPLX,COG0842,COG0842,COG1131,,,,,,,,,,,,,,,,,,,,,,,,
CPLX0-7935,COG4107,COG3627,COG3626,COG3625,COG3624,,,,,,,,,,,,,,,,,,,,,,
ETHAMLY-CPLX,COG4303,COG4302,,,,,,,,,,,,,,,,,,,,,,,,,
FORMATEDEHYDROGO-CPLX,COG0243,COG0437,COG2864,,,,,,,,,,,,,,,,,,,,,,,,
ABC-22-CPLX,COG1173,COG0444,COG4608,COG0601,COG4166,,,,,,,,,,,,,,,,,,,,,,
ABC-41-CPLX,COG4172,COG4174,COG4239,COG4166,,,,,,,,,,,,,,,,,,,,,,,
CPLX0-231,COG3775,COG3414,b1355,,,,,,,,,,,,,,,,,,,,,,,,
CPLX0-3937,COG3250,COG2731,,,,,,,,,,,,,,,,,,,,,,,,,
ABC-25-CPLX,COG3842,COG1176,COG1177,COG0687,,,,,,,,,,,,,,,,,,,,,,,
SULFATE-ADENYLYLTRANS-CPLX,COG0175,COG2895,,,,,,,,,,,,,,,,,,,,,,,,,
ABC-12-CPLX,COG1126,COG0765,COG0834,,,,,,,,,,,,,,,,,,,,,,,,
PABASYN-CPLX,COG0147,COG0512,,,,,,,,,,,,,,,,,,,,,,,,,
CPLX0-1601,COG0243,COG0243,COG0437,COG3302,,,,,,,,,,,,,,,,,,,,,,,
FUMARATE-REDUCTASE,COG1053,COG0479,COG3029,COG3080,,,,,,,,,,,,,,,,,,,,,,,
ABC-9-CPLX,COG1120,COG0609,COG0609,COG4594,,,,,,,,,,,,,,,,,,,,,,,
SECD-SECF-YAJC-YIDC-CPLX,COG0706,COG1862,COG0341,COG0342,,,,,,,,,,,,,,,,,,,,,,,
ALPHA-SUBUNIT-CPLX,COG2864,COG0437,COG0243,,,,,,,,,,,,,,,,,,,,,,,,
3-ISOPROPYLMALISOM-CPLX,COG0065,COG0066,,,,,,,,,,,,,,,,,,,,,,,,,
ABC-11-CPLX,COG1120,COG0609,COG0614,,,,,,,,,,,,,,,,,,,,,,,,
CPLX0-7425,COG1396,COG3550,,,,,,,,,,,,,,,,,,,,,,,,,
FORMATEDEHYDROGN-CPLX,COG0243,COG0437,COG2864,,,,,,,,,,,,,,,,,,,,,,,,
CPLX0-3956,COG0244,COG0222,,,,,,,,,,,,,,,,,,,,,,,,,
TRG-CPLX,COG0643,COG0835,COG0840,,,,,,,,,,,,,,,,,,,,,,,,
TAP-CPLX,COG0643,COG0835,COG0840,,,,,,,,,,,,,,,,,,,,,,,,
